state,district,reference_month,biometric_surge_expected,surge_probability,expected_surge_window,expected_impact_level,operational_note
Andaman & Nicobar Islands,Andamans,2025-11,No,0.0,N/A,Low,Insufficient biometric activity for surge prediction.
Andaman & Nicobar Islands,South Andaman,2025-11,No,0.0,N/A,Low,Insufficient biometric activity for surge prediction.
Andaman and Nicobar Islands,Nicobar,2025-05,No,0.0,N/A,Low,Insufficient biometric activity for surge prediction.
Andaman and Nicobar Islands,North And Middle Andaman,2025-11,No,0.0,N/A,Low,Insufficient biometric activity for surge prediction.
Andaman and Nicobar Islands,South Andaman,2025-08,No,0.0,N/A,Low,Insufficient biometric activity for surge prediction.
Andhra Pradesh,Adilabad,2025-11,No,0.0,N/A,Low,Insufficient biometric activity for surge prediction.
Andhra Pradesh,Alluri Sitharama Raju,2025-11,No,0.0,N/A,Low,Insufficient biometric activity for surge prediction.
Andhra Pradesh,Anakapalli,2025-11,No,0.0,N/A,Low,Insufficient biometric activity for surge prediction.
Andhra Pradesh,Anantapur,2025-11,No,0.0,N/A,Low,Insufficient biometric activity for surge prediction.
Andhra Pradesh,Ananthapur,2025-11,No,0.0,N/A,Low,Insufficient biometric activity for surge prediction.
Andhra Pradesh,Ananthapuramu,2025-11,No,0.0,N/A,Low,Insufficient biometric activity for surge prediction.
Andhra Pradesh,Annamayya,2025-11,No,0.0,N/A,Low,Insufficient biometric activity for surge prediction.
Andhra Pradesh,Bapatla,2025-11,No,0.0,N/A,Low,Insufficient biometric activity for surge prediction.
Andhra Pradesh,Chittoor,2025-11,No,0.0,N/A,Low,Insufficient biometric activity for surge prediction.
Andhra Pradesh,Cuddapah,2025-11,No,0.0,N/A,Low,Insufficient biometric activity for surge prediction.
Andhra Pradesh,Dr. B. R. Ambedkar Konaseema,2025-11,No,0.0,N/A,Low,Insufficient biometric activity for surge prediction.
Andhra Pradesh,East Godavari,2025-11,No,0.0,N/A,Low,Insufficient biometric activity for surge prediction.
Andhra Pradesh,Eluru,2025-11,No,0.0,N/A,Low,Insufficient biometric activity for surge prediction.
Andhra Pradesh,Guntur,2025-11,No,0.0,N/A,Low,Insufficient biometric activity for surge prediction.
Andhra Pradesh,Hyderabad,2025-11,No,0.0,N/A,Low,Insufficient biometric activity for surge prediction.
Andhra Pradesh,K.V.Rangareddy,2025-08,No,0.0,N/A,Low,Insufficient biometric activity for surge prediction.
Andhra Pradesh,K.v. Rangareddy,2025-04,No,0.0,N/A,Low,Insufficient biometric activity for surge prediction.
Andhra Pradesh,Kakinada,2025-11,No,0.0,N/A,Low,Insufficient biometric activity for surge prediction.
Andhra Pradesh,Karim Nagar,2025-11,No,0.0,N/A,Low,Insufficient biometric activity for surge prediction.
Andhra Pradesh,Karimnagar,2025-11,No,0.0,N/A,Low,Insufficient biometric activity for surge prediction.
Andhra Pradesh,Khammam,2025-11,No,0.0,N/A,Low,Insufficient biometric activity for surge prediction.
Andhra Pradesh,Krishna,2025-11,No,0.0,N/A,Low,Insufficient biometric activity for surge prediction.
Andhra Pradesh,Kurnool,2025-11,No,0.0,N/A,Low,Insufficient biometric activity for surge prediction.
Andhra Pradesh,Mahabub Nagar,2025-11,No,0.0,N/A,Low,Insufficient biometric activity for surge prediction.
Andhra Pradesh,Mahabubnagar,2025-04,No,0.0,N/A,Low,Insufficient biometric activity for surge prediction.
Andhra Pradesh,Mahbubnagar,2025-11,No,0.0,N/A,Low,Insufficient biometric activity for surge prediction.
Andhra Pradesh,Medak,2025-11,No,0.0,N/A,Low,Insufficient biometric activity for surge prediction.
Andhra Pradesh,N. T. R,2025-11,No,0.0,N/A,Low,Insufficient biometric activity for surge prediction.
Andhra Pradesh,Nalgonda,2025-11,No,0.0,N/A,Low,Insufficient biometric activity for surge prediction.
Andhra Pradesh,Nandyal,2025-11,No,0.0,N/A,Low,Insufficient biometric activity for surge prediction.
Andhra Pradesh,Nellore,2025-11,No,0.0,N/A,Low,Insufficient biometric activity for surge prediction.
Andhra Pradesh,Nizamabad,2025-11,No,0.0,N/A,Low,Insufficient biometric activity for surge prediction.
Andhra Pradesh,Palnadu,2025-11,No,0.0,N/A,Low,Insufficient biometric activity for surge prediction.
Andhra Pradesh,Parvathipuram Manyam,2025-11,No,0.0,N/A,Low,Insufficient biometric activity for surge prediction.
Andhra Pradesh,Prakasam,2025-11,No,0.0,N/A,Low,Insufficient biometric activity for surge prediction.
Andhra Pradesh,Rangareddi,2025-11,No,0.0,N/A,Low,Insufficient biometric activity for surge prediction.
Andhra Pradesh,Sri Potti Sriramulu Nellore,2025-11,No,0.0,N/A,Low,Insufficient biometric activity for surge prediction.
Andhra Pradesh,Sri Sathya Sai,2025-11,No,0.0,N/A,Low,Insufficient biometric activity for surge prediction.
Andhra Pradesh,Srikakulam,2025-11,No,0.0,N/A,Low,Insufficient biometric activity for surge prediction.
Andhra Pradesh,Tirupati,2025-11,No,0.0,N/A,Low,Insufficient biometric activity for surge prediction.
Andhra Pradesh,Visakhapatnam,2025-11,No,0.0,N/A,Low,Insufficient biometric activity for surge prediction.
Andhra Pradesh,Vizianagaram,2025-11,No,0.0,N/A,Low,Insufficient biometric activity for surge prediction.
Andhra Pradesh,Warangal,2025-11,No,0.0,N/A,Low,Insufficient biometric activity for surge prediction.
Andhra Pradesh,West Godavari,2025-11,No,0.0,N/A,Low,Insufficient biometric activity for surge prediction.
Andhra Pradesh,Y. S. R,2025-11,No,0.0,N/A,Low,Insufficient biometric activity for surge prediction.
Arunachal Pradesh,Anjaw,2025-10,No,0.0,N/A,Low,Insufficient biometric activity for surge prediction.
Arunachal Pradesh,Changlang,2025-10,No,0.0,N/A,Low,Insufficient biometric activity for surge prediction.
Arunachal Pradesh,Dibang Valley,2025-07,No,0.0,N/A,Low,Insufficient biometric activity for surge prediction.
Arunachal Pradesh,East Kameng,2025-11,No,0.0,N/A,Low,Insufficient biometric activity for surge prediction.
Arunachal Pradesh,East Siang,2025-11,No,0.0,N/A,Low,Insufficient biometric activity for surge prediction.
Arunachal Pradesh,Kra Daadi,2025-10,No,0.0,N/A,Low,Insufficient biometric activity for surge prediction.
Arunachal Pradesh,Lohit,2025-10,No,0.0,N/A,Low,Insufficient biometric activity for surge prediction.
Arunachal Pradesh,Longding,2025-11,No,0.0,N/A,Low,Insufficient biometric activity for surge prediction.
Arunachal Pradesh,Lower Dibang Valley,2025-10,No,0.0,N/A,Low,Insufficient biometric activity for surge prediction.
Arunachal Pradesh,Lower Siang,2025-07,No,0.0,N/A,Low,Insufficient biometric activity for surge prediction.
Arunachal Pradesh,Lower Subansiri,2025-10,No,0.0,N/A,Low,Insufficient biometric activity for surge prediction.
Arunachal Pradesh,Namsai,2025-08,No,0.0,N/A,Low,Insufficient biometric activity for surge prediction.
Arunachal Pradesh,Pakke Kessang,2025-03,No,0.0,N/A,Low,Insufficient biometric activity for surge prediction.
Arunachal Pradesh,Papum Pare,2025-11,No,0.0,N/A,Low,Insufficient biometric activity for surge prediction.
Arunachal Pradesh,Shi-yomi,2025-07,No,0.0,N/A,Low,Insufficient biometric activity for surge prediction.
Arunachal Pradesh,Siang,2025-11,No,0.0,N/A,Low,Insufficient biometric activity for surge prediction.
Arunachal Pradesh,Tawang,2025-11,No,0.0,N/A,Low,Insufficient biometric activity for surge prediction.
Arunachal Pradesh,Tirap,2025-11,No,0.0,N/A,Low,Insufficient biometric activity for surge prediction.
Arunachal Pradesh,Upper Siang,2025-11,No,0.0,N/A,Low,Insufficient biometric activity for surge prediction.
Arunachal Pradesh,Upper Subansiri,2025-08,No,0.0,N/A,Low,Insufficient biometric activity for surge prediction.
Arunachal Pradesh,West Kameng,2025-11,No,0.0,N/A,Low,Insufficient biometric activity for surge prediction.
Arunachal Pradesh,West Siang,2025-08,No,0.0,N/A,Low,Insufficient biometric activity for surge prediction.
Assam,Bajali,2025-08,No,0.0,N/A,Low,Insufficient biometric activity for surge prediction.
Assam,Baksa,2025-11,No,0.0,N/A,Low,Insufficient biometric activity for surge prediction.
Assam,Barpeta,2025-11,No,0.0,N/A,Low,Insufficient biometric activity for surge prediction.
Assam,Biswanath,2025-11,No,0.0,N/A,Low,Insufficient biometric activity for surge prediction.
Assam,Bongaigaon,2025-11,No,0.0,N/A,Low,Insufficient biometric activity for surge prediction.
Assam,Cachar,2025-11,No,0.0,N/A,Low,Insufficient biometric activity for surge prediction.
Assam,Charaideo,2025-11,No,0.0,N/A,Low,Insufficient biometric activity for surge prediction.
Assam,Chirang,2025-11,No,0.0,N/A,Low,Insufficient biometric activity for surge prediction.
Assam,Darrang,2025-11,No,0.0,N/A,Low,Insufficient biometric activity for surge prediction.
Assam,Dhemaji,2025-11,No,0.0,N/A,Low,Insufficient biometric activity for surge prediction.
Assam,Dhubri,2025-11,No,0.0,N/A,Low,Insufficient biometric activity for surge prediction.
Assam,Dibrugarh,2025-11,No,0.0,N/A,Low,Insufficient biometric activity for surge prediction.
Assam,Dima Hasao,2025-11,No,0.0,N/A,Low,Insufficient biometric activity for surge prediction.
Assam,Goalpara,2025-11,No,0.0,N/A,Low,Insufficient biometric activity for surge prediction.
Assam,Golaghat,2025-11,No,0.0,N/A,Low,Insufficient biometric activity for surge prediction.
Assam,Hailakandi,2025-11,No,0.0,N/A,Low,Insufficient biometric activity for surge prediction.
Assam,Hojai,2025-11,No,0.0,N/A,Low,Insufficient biometric activity for surge prediction.
Assam,Jorhat,2025-11,No,0.0,N/A,Low,Insufficient biometric activity for surge prediction.
Assam,Kamrup,2025-11,No,0.0,N/A,Low,Insufficient biometric activity for surge prediction.
Assam,Kamrup Metro,2025-11,No,0.0,N/A,Low,Insufficient biometric activity for surge prediction.
Assam,Karbi Anglong,2025-11,No,0.0,N/A,Low,Insufficient biometric activity for surge prediction.
Assam,Karimganj,2025-11,No,0.0,N/A,Low,Insufficient biometric activity for surge prediction.
Assam,Kokrajhar,2025-11,No,0.0,N/A,Low,Insufficient biometric activity for surge prediction.
Assam,Lakhimpur,2025-11,No,0.0,N/A,Low,Insufficient biometric activity for surge prediction.
Assam,Majuli,2025-11,No,0.0,N/A,Low,Insufficient biometric activity for surge prediction.
Assam,Marigaon,2025-11,No,0.0,N/A,Low,Insufficient biometric activity for surge prediction.
Assam,Nagaon,2025-11,No,0.0,N/A,Low,Insufficient biometric activity for surge prediction.
Assam,Nalbari,2025-11,No,0.0,N/A,Low,Insufficient biometric activity for surge prediction.
Assam,North Cachar Hills,2025-11,No,0.0,N/A,Low,Insufficient biometric activity for surge prediction.
Assam,Sibsagar,2025-11,No,0.0,N/A,Low,Insufficient biometric activity for surge prediction.
Assam,Sonitpur,2025-11,No,0.0,N/A,Low,Insufficient biometric activity for surge prediction.
Assam,South Salmara Mankachar,2025-11,No,0.0,N/A,Low,Insufficient biometric activity for surge prediction.
Assam,Sribhumi,2025-11,No,0.0,N/A,Low,Insufficient biometric activity for surge prediction.
Assam,Tamulpur District,2025-11,No,0.0,N/A,Low,Insufficient biometric activity for surge prediction.
Assam,Tinsukia,2025-11,No,0.0,N/A,Low,Insufficient biometric activity for surge prediction.
Assam,Udalguri,2025-11,No,0.0,N/A,Low,Insufficient biometric activity for surge prediction.
Assam,West Karbi Anglong,2025-11,No,0.0,N/A,Low,Insufficient biometric activity for surge prediction.
Bihar,Araria,2025-11,No,0.0,N/A,Low,Insufficient biometric activity for surge prediction.
Bihar,Arwal,2025-11,No,0.0,N/A,Low,Insufficient biometric activity for surge prediction.
Bihar,Aurangabad,2025-11,No,0.0,N/A,Low,Insufficient biometric activity for surge prediction.
Bihar,Aurangabad(BH),2025-05,No,0.0,N/A,Low,Insufficient biometric activity for surge prediction.
Bihar,Aurangabad(bh),2025-11,No,0.0,N/A,Low,Insufficient biometric activity for surge prediction.
Bihar,Banka,2025-11,No,0.0,N/A,Low,Insufficient biometric activity for surge prediction.
Bihar,Begusarai,2025-11,No,0.0,N/A,Low,Insufficient biometric activity for surge prediction.
Bihar,Bhabua,2025-10,No,0.0,N/A,Low,Insufficient biometric activity for surge prediction.
Bihar,Bhagalpur,2025-11,No,0.0,N/A,Low,Insufficient biometric activity for surge prediction.
Bihar,Bhojpur,2025-11,No,0.0,N/A,Low,Insufficient biometric activity for surge prediction.
Bihar,Buxar,2025-11,No,0.0,N/A,Low,Insufficient biometric activity for surge prediction.
Bihar,Darbhanga,2025-11,No,0.0,N/A,Low,Insufficient biometric activity for surge prediction.
Bihar,East Champaran,2025-11,No,0.0,N/A,Low,Insufficient biometric activity for surge prediction.
Bihar,Gaya,2025-11,No,0.0,N/A,Low,Insufficient biometric activity for surge prediction.
Bihar,Gopalganj,2025-11,No,0.0,N/A,Low,Insufficient biometric activity for surge prediction.
Bihar,Jamui,2025-11,No,0.0,N/A,Low,Insufficient biometric activity for surge prediction.
Bihar,Jehanabad,2025-11,No,0.0,N/A,Low,Insufficient biometric activity for surge prediction.
Bihar,Kaimur (Bhabua),2025-11,No,0.0,N/A,Low,Insufficient biometric activity for surge prediction.
Bihar,Katihar,2025-11,No,0.0,N/A,Low,Insufficient biometric activity for surge prediction.
Bihar,Khagaria,2025-11,No,0.0,N/A,Low,Insufficient biometric activity for surge prediction.
Bihar,Kishanganj,2025-11,No,0.0,N/A,Low,Insufficient biometric activity for surge prediction.
Bihar,Lakhisarai,2025-11,No,0.0,N/A,Low,Insufficient biometric activity for surge prediction.
Bihar,Madhepura,2025-11,No,0.0,N/A,Low,Insufficient biometric activity for surge prediction.
Bihar,Madhubani,2025-11,No,0.0,N/A,Low,Insufficient biometric activity for surge prediction.
Bihar,Monghyr,2025-10,No,0.0,N/A,Low,Insufficient biometric activity for surge prediction.
Bihar,Munger,2025-11,No,0.0,N/A,Low,Insufficient biometric activity for surge prediction.
Bihar,Muzaffarpur,2025-11,No,0.0,N/A,Low,Insufficient biometric activity for surge prediction.
Bihar,Nalanda,2025-11,No,0.0,N/A,Low,Insufficient biometric activity for surge prediction.
Bihar,Nawada,2025-11,No,0.0,N/A,Low,Insufficient biometric activity for surge prediction.
Bihar,Pashchim Champaran,2025-08,No,0.0,N/A,Low,Insufficient biometric activity for surge prediction.
Bihar,Patna,2025-11,No,0.0,N/A,Low,Insufficient biometric activity for surge prediction.
Bihar,Purba Champaran,2025-11,No,0.0,N/A,Low,Insufficient biometric activity for surge prediction.
Bihar,Purnea,2025-11,No,0.0,N/A,Low,Insufficient biometric activity for surge prediction.
Bihar,Purnia,2025-11,No,0.0,N/A,Low,Insufficient biometric activity for surge prediction.
Bihar,Rohtas,2025-11,No,0.0,N/A,Low,Insufficient biometric activity for surge prediction.
Bihar,Saharsa,2025-11,No,0.0,N/A,Low,Insufficient biometric activity for surge prediction.
Bihar,Samastipur,2025-11,No,0.0,N/A,Low,Insufficient biometric activity for surge prediction.
Bihar,Samstipur,2025-11,No,0.0,N/A,Low,Insufficient biometric activity for surge prediction.
Bihar,Saran,2025-11,No,0.0,N/A,Low,Insufficient biometric activity for surge prediction.
Bihar,Sheikhpura,2025-11,No,0.0,N/A,Low,Insufficient biometric activity for surge prediction.
Bihar,Sheikpura,2025-11,No,0.0,N/A,Low,Insufficient biometric activity for surge prediction.
Bihar,Sheohar,2025-08,No,0.0,N/A,Low,Insufficient biometric activity for surge prediction.
Bihar,Sitamarhi,2025-11,No,0.0,N/A,Low,Insufficient biometric activity for surge prediction.
Bihar,Siwan,2025-11,No,0.0,N/A,Low,Insufficient biometric activity for surge prediction.
Bihar,Supaul,2025-11,No,0.0,N/A,Low,Insufficient biometric activity for surge prediction.
Bihar,Vaishali,2025-11,No,0.0,N/A,Low,Insufficient biometric activity for surge prediction.
Bihar,West Champaran,2025-11,No,0.0,N/A,Low,Insufficient biometric activity for surge prediction.
Chandigarh,Chandigarh,2025-11,No,0.0,N/A,Low,Insufficient biometric activity for surge prediction.
Chandigarh,Rupnagar,2025-07,No,0.0,N/A,Low,Insufficient biometric activity for surge prediction.
Chhattisgarh,Balod,2025-11,No,0.0,N/A,Low,Insufficient biometric activity for surge prediction.
Chhattisgarh,Baloda Bazar,2025-11,No,0.0,N/A,Low,Insufficient biometric activity for surge prediction.
Chhattisgarh,Balrampur,2025-11,No,0.0,N/A,Low,Insufficient biometric activity for surge prediction.
Chhattisgarh,Bastar,2025-11,No,0.0,N/A,Low,Insufficient biometric activity for surge prediction.
Chhattisgarh,Bemetara,2025-11,No,0.0,N/A,Low,Insufficient biometric activity for surge prediction.
Chhattisgarh,Bijapur,2025-11,No,0.0,N/A,Low,Insufficient biometric activity for surge prediction.
Chhattisgarh,Bilaspur,2025-11,No,0.0,N/A,Low,Insufficient biometric activity for surge prediction.
Chhattisgarh,Dakshin Bastar Dantewada,2025-11,No,0.0,N/A,Low,Insufficient biometric activity for surge prediction.
Chhattisgarh,Dantewada,2025-10,No,0.0,N/A,Low,Insufficient biometric activity for surge prediction.
Chhattisgarh,Dhamtari,2025-11,No,0.0,N/A,Low,Insufficient biometric activity for surge prediction.
Chhattisgarh,Durg,2025-11,No,0.0,N/A,Low,Insufficient biometric activity for surge prediction.
Chhattisgarh,Gariyaband,2025-11,No,0.0,N/A,Low,Insufficient biometric activity for surge prediction.
Chhattisgarh,Gaurela-pendra-marwahi,2025-11,No,0.0,N/A,Low,Insufficient biometric activity for surge prediction.
Chhattisgarh,Janjgir - Champa,2025-11,No,0.0,N/A,Low,Insufficient biometric activity for surge prediction.
Chhattisgarh,Janjgir Champa,2025-08,No,0.0,N/A,Low,Insufficient biometric activity for surge prediction.
Chhattisgarh,Janjgir-champa,2025-11,No,0.0,N/A,Low,Insufficient biometric activity for surge prediction.
Chhattisgarh,Jashpur,2025-11,No,0.0,N/A,Low,Insufficient biometric activity for surge prediction.
Chhattisgarh,Kabeerdham,2025-11,No,0.0,N/A,Low,Insufficient biometric activity for surge prediction.
Chhattisgarh,Kanker,2025-11,No,0.0,N/A,Low,Insufficient biometric activity for surge prediction.
Chhattisgarh,Kawardha,2025-10,No,0.0,N/A,Low,Insufficient biometric activity for surge prediction.
Chhattisgarh,Khairagarh Chhuikhadan Gandai,2025-10,No,0.0,N/A,Low,Insufficient biometric activity for surge prediction.
Chhattisgarh,Kondagaon,2025-07,No,0.0,N/A,Low,Insufficient biometric activity for surge prediction.
Chhattisgarh,Korba,2025-11,No,0.0,N/A,Low,Insufficient biometric activity for surge prediction.
Chhattisgarh,Koriya,2025-10,No,0.0,N/A,Low,Insufficient biometric activity for surge prediction.
Chhattisgarh,Mahasamund,2025-11,No,0.0,N/A,Low,Insufficient biometric activity for surge prediction.
Chhattisgarh,Manendragarh–Chirmiri–Bharatpur,2025-10,No,0.0,N/A,Low,Insufficient biometric activity for surge prediction.
Chhattisgarh,Mohalla-Manpur-Ambagarh Chowki,2025-11,No,0.0,N/A,Low,Insufficient biometric activity for surge prediction.
Chhattisgarh,Mohla-Manpur-Ambagarh Chouki,2025-11,No,0.0,N/A,Low,Insufficient biometric activity for surge prediction.
Chhattisgarh,Mungeli,2025-11,No,0.0,N/A,Low,Insufficient biometric activity for surge prediction.
Chhattisgarh,Narayanpur,2025-11,No,0.0,N/A,Low,Insufficient biometric activity for surge prediction.
Chhattisgarh,Raigarh,2025-11,No,0.0,N/A,Low,Insufficient biometric activity for surge prediction.
Chhattisgarh,Raipur,2025-11,No,0.0,N/A,Low,Insufficient biometric activity for surge prediction.
Chhattisgarh,Rajnandgaon,2025-11,No,0.0,N/A,Low,Insufficient biometric activity for surge prediction.
Chhattisgarh,Sakti,2025-10,No,0.0,N/A,Low,Insufficient biometric activity for surge prediction.
Chhattisgarh,Sarangarh-Bilaigarh,2025-11,No,0.0,N/A,Low,Insufficient biometric activity for surge prediction.
Chhattisgarh,Sukma,2025-11,No,0.0,N/A,Low,Insufficient biometric activity for surge prediction.
Chhattisgarh,Surajpur,2025-11,No,0.0,N/A,Low,Insufficient biometric activity for surge prediction.
Chhattisgarh,Surguja,2025-11,No,0.0,N/A,Low,Insufficient biometric activity for surge prediction.
Chhattisgarh,Uttar Bastar Kanker,2025-10,No,0.0,N/A,Low,Insufficient biometric activity for surge prediction.
Dadra & Nagar Haveli,Dadra & Nagar Haveli,2025-09,No,0.0,N/A,Low,Insufficient biometric activity for surge prediction.
Dadra and Nagar Haveli,Dadra and Nagar Haveli,2025-11,No,0.0,N/A,Low,Insufficient biometric activity for surge prediction.
Dadra and Nagar Haveli and Daman and Diu,Dadra and Nagar Haveli,2025-09,No,0.0,N/A,Low,Insufficient biometric activity for surge prediction.
Dadra and Nagar Haveli and Daman and Diu,Daman,2025-11,No,0.0,N/A,Low,Insufficient biometric activity for surge prediction.
Dadra and Nagar Haveli and Daman and Diu,Diu,2025-07,No,0.0,N/A,Low,Insufficient biometric activity for surge prediction.
Daman & Diu,Daman,2025-07,No,0.0,N/A,Low,Insufficient biometric activity for surge prediction.
Daman & Diu,Diu,2025-11,No,0.0,N/A,Low,Insufficient biometric activity for surge prediction.
Daman and Diu,Daman,2025-11,No,0.0,N/A,Low,Insufficient biometric activity for surge prediction.
Daman and Diu,Diu,2025-11,No,0.0,N/A,Low,Insufficient biometric activity for surge prediction.
Delhi,Central Delhi,2025-11,No,0.0,N/A,Low,Insufficient biometric activity for surge prediction.
Delhi,East Delhi,2025-11,No,0.0,N/A,Low,Insufficient biometric activity for surge prediction.
Delhi,Najafgarh,2025-03,No,0.0,N/A,Low,Insufficient biometric activity for surge prediction.
Delhi,New Delhi,2025-11,No,0.0,N/A,Low,Insufficient biometric activity for surge prediction.
Delhi,North Delhi,2025-11,No,0.0,N/A,Low,Insufficient biometric activity for surge prediction.
Delhi,North East,2025-11,No,0.0,N/A,Low,Insufficient biometric activity for surge prediction.
Delhi,North East Delhi,2025-11,No,0.0,N/A,Low,Insufficient biometric activity for surge prediction.
Delhi,North West Delhi,2025-11,No,0.0,N/A,Low,Insufficient biometric activity for surge prediction.
Delhi,Shahdara,2025-10,No,0.0,N/A,Low,Insufficient biometric activity for surge prediction.
Delhi,South Delhi,2025-11,No,0.0,N/A,Low,Insufficient biometric activity for surge prediction.
Delhi,South East Delhi,2025-07,No,0.0,N/A,Low,Insufficient biometric activity for surge prediction.
Delhi,South West Delhi,2025-11,No,0.0,N/A,Low,Insufficient biometric activity for surge prediction.
Delhi,West Delhi,2025-11,No,0.0,N/A,Low,Insufficient biometric activity for surge prediction.
Goa,North Goa,2025-11,No,0.0,N/A,Low,Insufficient biometric activity for surge prediction.
Goa,South Goa,2025-11,No,0.0,N/A,Low,Insufficient biometric activity for surge prediction.
Gujarat,Ahmadabad,2025-11,No,0.0,N/A,Low,Insufficient biometric activity for surge prediction.
Gujarat,Ahmedabad,2025-11,No,0.0,N/A,Low,Insufficient biometric activity for surge prediction.
Gujarat,Amreli,2025-11,No,0.0,N/A,Low,Insufficient biometric activity for surge prediction.
Gujarat,Anand,2025-11,No,0.0,N/A,Low,Insufficient biometric activity for surge prediction.
Gujarat,Arvalli,2025-11,No,0.0,N/A,Low,Insufficient biometric activity for surge prediction.
Gujarat,Banas Kantha,2025-11,No,0.0,N/A,Low,Insufficient biometric activity for surge prediction.
Gujarat,Banaskantha,2025-11,No,0.0,N/A,Low,Insufficient biometric activity for surge prediction.
Gujarat,Bharuch,2025-11,No,0.0,N/A,Low,Insufficient biometric activity for surge prediction.
Gujarat,Bhavnagar,2025-11,No,0.0,N/A,Low,Insufficient biometric activity for surge prediction.
Gujarat,Botad,2025-11,No,0.0,N/A,Low,Insufficient biometric activity for surge prediction.
Gujarat,Chhotaudepur,2025-11,No,0.0,N/A,Low,Insufficient biometric activity for surge prediction.
Gujarat,Dahod,2025-11,No,0.0,N/A,Low,Insufficient biometric activity for surge prediction.
Gujarat,Devbhumi Dwarka,2025-11,No,0.0,N/A,Low,Insufficient biometric activity for surge prediction.
Gujarat,Dohad,2025-11,No,0.0,N/A,Low,Insufficient biometric activity for surge prediction.
Gujarat,Gandhinagar,2025-11,No,0.0,N/A,Low,Insufficient biometric activity for surge prediction.
Gujarat,Gir Somnath,2025-10,No,0.0,N/A,Low,Insufficient biometric activity for surge prediction.
Gujarat,Jamnagar,2025-11,No,0.0,N/A,Low,Insufficient biometric activity for surge prediction.
Gujarat,Junagadh,2025-11,No,0.0,N/A,Low,Insufficient biometric activity for surge prediction.
Gujarat,Kachchh,2025-11,No,0.0,N/A,Low,Insufficient biometric activity for surge prediction.
Gujarat,Kheda,2025-11,No,0.0,N/A,Low,Insufficient biometric activity for surge prediction.
Gujarat,Mahesana,2025-11,No,0.0,N/A,Low,Insufficient biometric activity for surge prediction.
Gujarat,Mahisagar,2025-11,No,0.0,N/A,Low,Insufficient biometric activity for surge prediction.
Gujarat,Morbi,2025-11,No,0.0,N/A,Low,Insufficient biometric activity for surge prediction.
Gujarat,Narmada,2025-11,No,0.0,N/A,Low,Insufficient biometric activity for surge prediction.
Gujarat,Navsari,2025-11,No,0.0,N/A,Low,Insufficient biometric activity for surge prediction.
Gujarat,Panch Mahals,2025-11,No,0.0,N/A,Low,Insufficient biometric activity for surge prediction.
Gujarat,Panchmahals,2025-11,No,0.0,N/A,Low,Insufficient biometric activity for surge prediction.
Gujarat,Patan,2025-11,No,0.0,N/A,Low,Insufficient biometric activity for surge prediction.
Gujarat,Porbandar,2025-11,No,0.0,N/A,Low,Insufficient biometric activity for surge prediction.
Gujarat,Rajkot,2025-11,No,0.0,N/A,Low,Insufficient biometric activity for surge prediction.
Gujarat,Sabar Kantha,2025-10,No,0.0,N/A,Low,Insufficient biometric activity for surge prediction.
Gujarat,Sabarkantha,2025-11,No,0.0,N/A,Low,Insufficient biometric activity for surge prediction.
Gujarat,Surat,2025-11,No,0.0,N/A,Low,Insufficient biometric activity for surge prediction.
Gujarat,Surendra Nagar,2025-11,No,0.0,N/A,Low,Insufficient biometric activity for surge prediction.
Gujarat,Surendranagar,2025-11,No,0.0,N/A,Low,Insufficient biometric activity for surge prediction.
Gujarat,Tapi,2025-11,No,0.0,N/A,Low,Insufficient biometric activity for surge prediction.
Gujarat,The Dangs,2025-11,No,0.0,N/A,Low,Insufficient biometric activity for surge prediction.
Gujarat,Vadodara,2025-11,No,0.0,N/A,Low,Insufficient biometric activity for surge prediction.
Gujarat,Valsad,2025-11,No,0.0,N/A,Low,Insufficient biometric activity for surge prediction.
Haryana,Ambala,2025-11,No,0.0,N/A,Low,Insufficient biometric activity for surge prediction.
Haryana,Bhiwani,2025-11,No,0.0,N/A,Low,Insufficient biometric activity for surge prediction.
Haryana,Charkhi Dadri,2025-11,No,0.0,N/A,Low,Insufficient biometric activity for surge prediction.
Haryana,Faridabad,2025-11,No,0.0,N/A,Low,Insufficient biometric activity for surge prediction.
Haryana,Fatehabad,2025-10,No,0.0,N/A,Low,Insufficient biometric activity for surge prediction.
Haryana,Gurgaon,2025-11,No,0.0,N/A,Low,Insufficient biometric activity for surge prediction.
Haryana,Hisar,2025-11,No,0.0,N/A,Low,Insufficient biometric activity for surge prediction.
Haryana,Jhajjar,2025-11,No,0.0,N/A,Low,Insufficient biometric activity for surge prediction.
Haryana,Jind,2025-11,No,0.0,N/A,Low,Insufficient biometric activity for surge prediction.
Haryana,Kaithal,2025-11,No,0.0,N/A,Low,Insufficient biometric activity for surge prediction.
Haryana,Karnal,2025-11,No,0.0,N/A,Low,Insufficient biometric activity for surge prediction.
Haryana,Kurukshetra,2025-10,No,0.0,N/A,Low,Insufficient biometric activity for surge prediction.
Haryana,Mahendragarh,2025-11,No,0.0,N/A,Low,Insufficient biometric activity for surge prediction.
Haryana,Mewat,2025-11,No,0.0,N/A,Low,Insufficient biometric activity for surge prediction.
Haryana,Palwal,2025-10,No,0.0,N/A,Low,Insufficient biometric activity for surge prediction.
Haryana,Panchkula,2025-11,No,0.0,N/A,Low,Insufficient biometric activity for surge prediction.
Haryana,Panipat,2025-11,No,0.0,N/A,Low,Insufficient biometric activity for surge prediction.
Haryana,Rewari,2025-11,No,0.0,N/A,Low,Insufficient biometric activity for surge prediction.
Haryana,Rohtak,2025-11,No,0.0,N/A,Low,Insufficient biometric activity for surge prediction.
Haryana,Sirsa,2025-11,No,0.0,N/A,Low,Insufficient biometric activity for surge prediction.
Haryana,Sonipat,2025-11,No,0.0,N/A,Low,Insufficient biometric activity for surge prediction.
Haryana,Yamuna Nagar,2025-11,No,0.0,N/A,Low,Insufficient biometric activity for surge prediction.
Haryana,Yamunanagar,2025-11,No,0.0,N/A,Low,Insufficient biometric activity for surge prediction.
Himachal Pradesh,Bilaspur,2025-11,No,0.0,N/A,Low,Insufficient biometric activity for surge prediction.
Himachal Pradesh,Chamba,2025-11,No,0.0,N/A,Low,Insufficient biometric activity for surge prediction.
Himachal Pradesh,Hamirpur,2025-11,No,0.0,N/A,Low,Insufficient biometric activity for surge prediction.
Himachal Pradesh,Kangra,2025-11,No,0.0,N/A,Low,Insufficient biometric activity for surge prediction.
Himachal Pradesh,Kinnaur,2025-11,No,0.0,N/A,Low,Insufficient biometric activity for surge prediction.
Himachal Pradesh,Kullu,2025-11,No,0.0,N/A,Low,Insufficient biometric activity for surge prediction.
Himachal Pradesh,Lahaul and Spiti,2025-06,No,0.0,N/A,Low,Insufficient biometric activity for surge prediction.
Himachal Pradesh,Lahul & Spiti,2025-11,No,0.0,N/A,Low,Insufficient biometric activity for surge prediction.
Himachal Pradesh,Lahul and Spiti,2025-11,No,0.0,N/A,Low,Insufficient biometric activity for surge prediction.
Himachal Pradesh,Mandi,2025-11,No,0.0,N/A,Low,Insufficient biometric activity for surge prediction.
Himachal Pradesh,Shimla,2025-11,No,0.0,N/A,Low,Insufficient biometric activity for surge prediction.
Himachal Pradesh,Sirmaur,2025-11,No,0.0,N/A,Low,Insufficient biometric activity for surge prediction.
Himachal Pradesh,Solan,2025-11,No,0.0,N/A,Low,Insufficient biometric activity for surge prediction.
Himachal Pradesh,Una,2025-11,No,0.0,N/A,Low,Insufficient biometric activity for surge prediction.
Jammu & Kashmir,Baramula,2025-09,No,0.0,N/A,Low,Insufficient biometric activity for surge prediction.
Jammu & Kashmir,Jammu,2025-11,No,0.0,N/A,Low,Insufficient biometric activity for surge prediction.
Jammu & Kashmir,Rajauri,2025-07,No,0.0,N/A,Low,Insufficient biometric activity for surge prediction.
Jammu & Kashmir,Srinagar,2025-07,No,0.0,N/A,Low,Insufficient biometric activity for surge prediction.
Jammu & Kashmir,Udhampur,2025-04,No,0.0,N/A,Low,Insufficient biometric activity for surge prediction.
Jammu and Kashmir,Anantnag,2025-11,No,0.0,N/A,Low,Insufficient biometric activity for surge prediction.
Jammu and Kashmir,Badgam,2025-10,No,0.0,N/A,Low,Insufficient biometric activity for surge prediction.
Jammu and Kashmir,Bandipore,2025-10,No,0.0,N/A,Low,Insufficient biometric activity for surge prediction.
Jammu and Kashmir,Baramula,2025-11,No,0.0,N/A,Low,Insufficient biometric activity for surge prediction.
Jammu and Kashmir,Budgam,2025-11,No,0.0,N/A,Low,Insufficient biometric activity for surge prediction.
Jammu and Kashmir,Doda,2025-11,No,0.0,N/A,Low,Insufficient biometric activity for surge prediction.
Jammu and Kashmir,Ganderbal,2025-11,No,0.0,N/A,Low,Insufficient biometric activity for surge prediction.
Jammu and Kashmir,Jammu,2025-11,No,0.0,N/A,Low,Insufficient biometric activity for surge prediction.
Jammu and Kashmir,Kargil,2025-11,No,0.0,N/A,Low,Insufficient biometric activity for surge prediction.
Jammu and Kashmir,Kathua,2025-11,No,0.0,N/A,Low,Insufficient biometric activity for surge prediction.
Jammu and Kashmir,Kishtwar,2025-11,No,0.0,N/A,Low,Insufficient biometric activity for surge prediction.
Jammu and Kashmir,Kulgam,2025-10,No,0.0,N/A,Low,Insufficient biometric activity for surge prediction.
Jammu and Kashmir,Kupwara,2025-11,No,0.0,N/A,Low,Insufficient biometric activity for surge prediction.
Jammu and Kashmir,Leh,2025-11,No,0.0,N/A,Low,Insufficient biometric activity for surge prediction.
Jammu and Kashmir,Pulwama,2025-11,No,0.0,N/A,Low,Insufficient biometric activity for surge prediction.
Jammu and Kashmir,Punch,2025-10,No,0.0,N/A,Low,Insufficient biometric activity for surge prediction.
Jammu and Kashmir,Rajouri,2025-11,No,0.0,N/A,Low,Insufficient biometric activity for surge prediction.
Jammu and Kashmir,Ramban,2025-10,No,0.0,N/A,Low,Insufficient biometric activity for surge prediction.
Jammu and Kashmir,Reasi,2025-11,No,0.0,N/A,Low,Insufficient biometric activity for surge prediction.
Jammu and Kashmir,Samba,2025-11,No,0.0,N/A,Low,Insufficient biometric activity for surge prediction.
Jammu and Kashmir,Shupiyan,2025-07,No,0.0,N/A,Low,Insufficient biometric activity for surge prediction.
Jammu and Kashmir,Srinagar,2025-11,No,0.0,N/A,Low,Insufficient biometric activity for surge prediction.
Jammu and Kashmir,Udhampur,2025-11,No,0.0,N/A,Low,Insufficient biometric activity for surge prediction.
Jharkhand,Bokaro,2025-11,No,0.0,N/A,Low,Insufficient biometric activity for surge prediction.
Jharkhand,Chatra,2025-11,No,0.0,N/A,Low,Insufficient biometric activity for surge prediction.
Jharkhand,Deoghar,2025-11,No,0.0,N/A,Low,Insufficient biometric activity for surge prediction.
Jharkhand,Dhanbad,2025-11,No,0.0,N/A,Low,Insufficient biometric activity for surge prediction.
Jharkhand,Dumka,2025-11,No,0.0,N/A,Low,Insufficient biometric activity for surge prediction.
Jharkhand,East Singhbhum,2025-11,No,0.0,N/A,Low,Insufficient biometric activity for surge prediction.
Jharkhand,Garhwa,2025-11,No,0.0,N/A,Low,Insufficient biometric activity for surge prediction.
Jharkhand,Garhwa *,2025-11,No,0.0,N/A,Low,Insufficient biometric activity for surge prediction.
Jharkhand,Giridih,2025-11,No,0.0,N/A,Low,Insufficient biometric activity for surge prediction.
Jharkhand,Godda,2025-11,No,0.0,N/A,Low,Insufficient biometric activity for surge prediction.
Jharkhand,Gumla,2025-11,No,0.0,N/A,Low,Insufficient biometric activity for surge prediction.
Jharkhand,Hazaribag,2025-11,No,0.0,N/A,Low,Insufficient biometric activity for surge prediction.
Jharkhand,Hazaribagh,2025-11,No,0.0,N/A,Low,Insufficient biometric activity for surge prediction.
Jharkhand,Jamtara,2025-11,No,0.0,N/A,Low,Insufficient biometric activity for surge prediction.
Jharkhand,Khunti,2025-11,No,0.0,N/A,Low,Insufficient biometric activity for surge prediction.
Jharkhand,Kodarma,2025-11,No,0.0,N/A,Low,Insufficient biometric activity for surge prediction.
Jharkhand,Koderma,2025-11,No,0.0,N/A,Low,Insufficient biometric activity for surge prediction.
Jharkhand,Latehar,2025-11,No,0.0,N/A,Low,Insufficient biometric activity for surge prediction.
Jharkhand,Lohardaga,2025-11,No,0.0,N/A,Low,Insufficient biometric activity for surge prediction.
Jharkhand,Pakaur,2025-08,No,0.0,N/A,Low,Insufficient biometric activity for surge prediction.
Jharkhand,Pakur,2025-11,No,0.0,N/A,Low,Insufficient biometric activity for surge prediction.
Jharkhand,Palamau,2025-11,No,0.0,N/A,Low,Insufficient biometric activity for surge prediction.
Jharkhand,Palamu,2025-11,No,0.0,N/A,Low,Insufficient biometric activity for surge prediction.
Jharkhand,Pashchimi Singhbhum,2025-09,No,0.0,N/A,Low,Insufficient biometric activity for surge prediction.
Jharkhand,Purbi Singhbhum,2025-11,No,0.0,N/A,Low,Insufficient biometric activity for surge prediction.
Jharkhand,Ramgarh,2025-11,No,0.0,N/A,Low,Insufficient biometric activity for surge prediction.
Jharkhand,Ranchi,2025-11,No,0.0,N/A,Low,Insufficient biometric activity for surge prediction.
Jharkhand,Sahebganj,2025-11,No,0.0,N/A,Low,Insufficient biometric activity for surge prediction.
Jharkhand,Sahibganj,2025-11,No,0.0,N/A,Low,Insufficient biometric activity for surge prediction.
Jharkhand,Seraikela-Kharsawan,2025-11,No,0.0,N/A,Low,Insufficient biometric activity for surge prediction.
Jharkhand,Seraikela-kharsawan,2025-11,No,0.0,N/A,Low,Insufficient biometric activity for surge prediction.
Jharkhand,Simdega,2025-11,No,0.0,N/A,Low,Insufficient biometric activity for surge prediction.
Jharkhand,West Singhbhum,2025-11,No,0.0,N/A,Low,Insufficient biometric activity for surge prediction.
Karnataka,Bagalkot,2025-11,No,0.0,N/A,Low,Insufficient biometric activity for surge prediction.
Karnataka,Bagalkot *,2025-11,No,0.0,N/A,Low,Insufficient biometric activity for surge prediction.
Karnataka,Ballari,2025-11,No,0.0,N/A,Low,Insufficient biometric activity for surge prediction.
Karnataka,Bangalore,2025-11,No,0.0,N/A,Low,Insufficient biometric activity for surge prediction.
Karnataka,Bangalore Rural,2025-11,No,0.0,N/A,Low,Insufficient biometric activity for surge prediction.
Karnataka,Belagavi,2025-11,No,0.0,N/A,Low,Insufficient biometric activity for surge prediction.
Karnataka,Belgaum,2025-11,No,0.0,N/A,Low,Insufficient biometric activity for surge prediction.
Karnataka,Bellary,2025-11,No,0.0,N/A,Low,Insufficient biometric activity for surge prediction.
Karnataka,Bengaluru,2025-11,No,0.0,N/A,Low,Insufficient biometric activity for surge prediction.
Karnataka,Bengaluru South,2025-11,No,0.0,N/A,Low,Insufficient biometric activity for surge prediction.
Karnataka,Bidar,2025-11,No,0.0,N/A,Low,Insufficient biometric activity for surge prediction.
Karnataka,Bijapur,2025-11,No,0.0,N/A,Low,Insufficient biometric activity for surge prediction.
Karnataka,Chamarajanagar,2025-11,No,0.0,N/A,Low,Insufficient biometric activity for surge prediction.
Karnataka,Chamrajanagar,2025-11,No,0.0,N/A,Low,Insufficient biometric activity for surge prediction.
Karnataka,Chamrajnagar,2025-11,No,0.0,N/A,Low,Insufficient biometric activity for surge prediction.
Karnataka,Chickmagalur,2025-11,No,0.0,N/A,Low,Insufficient biometric activity for surge prediction.
Karnataka,Chikkaballapur,2025-11,No,0.0,N/A,Low,Insufficient biometric activity for surge prediction.
Karnataka,Chikkamagaluru,2025-11,No,0.0,N/A,Low,Insufficient biometric activity for surge prediction.
Karnataka,Chikmagalur,2025-11,No,0.0,N/A,Low,Insufficient biometric activity for surge prediction.
Karnataka,Chitradurga,2025-11,No,0.0,N/A,Low,Insufficient biometric activity for surge prediction.
Karnataka,Dakshina Kannada,2025-11,No,0.0,N/A,Low,Insufficient biometric activity for surge prediction.
Karnataka,Davanagere,2025-11,No,0.0,N/A,Low,Insufficient biometric activity for surge prediction.
Karnataka,Davangere,2025-11,No,0.0,N/A,Low,Insufficient biometric activity for surge prediction.
Karnataka,Dharwad,2025-11,No,0.0,N/A,Low,Insufficient biometric activity for surge prediction.
Karnataka,Gadag,2025-11,No,0.0,N/A,Low,Insufficient biometric activity for surge prediction.
Karnataka,Gadag *,2025-11,No,0.0,N/A,Low,Insufficient biometric activity for surge prediction.
Karnataka,Gulbarga,2025-11,No,0.0,N/A,Low,Insufficient biometric activity for surge prediction.
Karnataka,Hasan,2025-11,No,0.0,N/A,Low,Insufficient biometric activity for surge prediction.
Karnataka,Hassan,2025-11,No,0.0,N/A,Low,Insufficient biometric activity for surge prediction.
Karnataka,Haveri,2025-11,No,0.0,N/A,Low,Insufficient biometric activity for surge prediction.
Karnataka,Haveri *,2025-10,No,0.0,N/A,Low,Insufficient biometric activity for surge prediction.
Karnataka,Kalaburagi,2025-11,No,0.0,N/A,Low,Insufficient biometric activity for surge prediction.
Karnataka,Kodagu,2025-11,No,0.0,N/A,Low,Insufficient biometric activity for surge prediction.
Karnataka,Kolar,2025-11,No,0.0,N/A,Low,Insufficient biometric activity for surge prediction.
Karnataka,Koppal,2025-11,No,0.0,N/A,Low,Insufficient biometric activity for surge prediction.
Karnataka,Mandya,2025-11,No,0.0,N/A,Low,Insufficient biometric activity for surge prediction.
Karnataka,Mysore,2025-11,No,0.0,N/A,Low,Insufficient biometric activity for surge prediction.
Karnataka,Mysuru,2025-11,No,0.0,N/A,Low,Insufficient biometric activity for surge prediction.
Karnataka,Raichur,2025-11,No,0.0,N/A,Low,Insufficient biometric activity for surge prediction.
Karnataka,Ramanagar,2025-11,No,0.0,N/A,Low,Insufficient biometric activity for surge prediction.
Karnataka,Shimoga,2025-11,No,0.0,N/A,Low,Insufficient biometric activity for surge prediction.
Karnataka,Shivamogga,2025-11,No,0.0,N/A,Low,Insufficient biometric activity for surge prediction.
Karnataka,Tumakuru,2025-11,No,0.0,N/A,Low,Insufficient biometric activity for surge prediction.
Karnataka,Tumkur,2025-11,No,0.0,N/A,Low,Insufficient biometric activity for surge prediction.
Karnataka,Udupi,2025-11,No,0.0,N/A,Low,Insufficient biometric activity for surge prediction.
Karnataka,Uttara Kannada,2025-11,No,0.0,N/A,Low,Insufficient biometric activity for surge prediction.
Karnataka,Vijayanagara,2025-11,No,0.0,N/A,Low,Insufficient biometric activity for surge prediction.
Karnataka,Vijayapura,2025-11,No,0.0,N/A,Low,Insufficient biometric activity for surge prediction.
Karnataka,Yadgir,2025-11,No,0.0,N/A,Low,Insufficient biometric activity for surge prediction.
Karnataka,yadgir,2025-11,No,0.0,N/A,Low,Insufficient biometric activity for surge prediction.
Kerala,Alappuzha,2025-11,No,0.0,N/A,Low,Insufficient biometric activity for surge prediction.
Kerala,Ernakulam,2025-11,No,0.0,N/A,Low,Insufficient biometric activity for surge prediction.
Kerala,Idukki,2025-11,No,0.0,N/A,Low,Insufficient biometric activity for surge prediction.
Kerala,Kannur,2025-11,No,0.0,N/A,Low,Insufficient biometric activity for surge prediction.
Kerala,Kasaragod,2025-11,No,0.0,N/A,Low,Insufficient biometric activity for surge prediction.
Kerala,Kasargod,2025-11,No,0.0,N/A,Low,Insufficient biometric activity for surge prediction.
Kerala,Kollam,2025-11,No,0.0,N/A,Low,Insufficient biometric activity for surge prediction.
Kerala,Kottayam,2025-11,No,0.0,N/A,Low,Insufficient biometric activity for surge prediction.
Kerala,Kozhikode,2025-10,No,0.0,N/A,Low,Insufficient biometric activity for surge prediction.
Kerala,Malappuram,2025-10,No,0.0,N/A,Low,Insufficient biometric activity for surge prediction.
Kerala,Palakkad,2025-10,No,0.0,N/A,Low,Insufficient biometric activity for surge prediction.
Kerala,Pathanamthitta,2025-10,No,0.0,N/A,Low,Insufficient biometric activity for surge prediction.
Kerala,Thiruvananthapuram,2025-10,No,0.0,N/A,Low,Insufficient biometric activity for surge prediction.
Kerala,Thrissur,2025-10,No,0.0,N/A,Low,Insufficient biometric activity for surge prediction.
Kerala,Wayanad,2025-10,No,0.0,N/A,Low,Insufficient biometric activity for surge prediction.
Ladakh,Kargil,2025-10,No,0.0,N/A,Low,Insufficient biometric activity for surge prediction.
Ladakh,Leh,2025-09,No,0.0,N/A,Low,Insufficient biometric activity for surge prediction.
Lakshadweep,Lakshadweep,2025-10,No,0.0,N/A,Low,Insufficient biometric activity for surge prediction.
Madhya Pradesh,Agar Malwa,2025-10,No,0.0,N/A,Low,Insufficient biometric activity for surge prediction.
Madhya Pradesh,Alirajpur,2025-10,No,0.0,N/A,Low,Insufficient biometric activity for surge prediction.
Madhya Pradesh,Anuppur,2025-10,No,0.0,N/A,Low,Insufficient biometric activity for surge prediction.
Madhya Pradesh,Ashok Nagar,2025-10,No,0.0,N/A,Low,Insufficient biometric activity for surge prediction.
Madhya Pradesh,Balaghat,2025-10,No,0.0,N/A,Low,Insufficient biometric activity for surge prediction.
Madhya Pradesh,Barwani,2025-09,No,0.0,N/A,Low,Insufficient biometric activity for surge prediction.
Madhya Pradesh,Betul,2025-10,No,0.0,N/A,Low,Insufficient biometric activity for surge prediction.
Madhya Pradesh,Bhind,2025-10,No,0.0,N/A,Low,Insufficient biometric activity for surge prediction.
Madhya Pradesh,Bhopal,2025-10,No,0.0,N/A,Low,Insufficient biometric activity for surge prediction.
Madhya Pradesh,Burhanpur,2025-10,No,0.0,N/A,Low,Insufficient biometric activity for surge prediction.
Madhya Pradesh,Chhatarpur,2025-10,No,0.0,N/A,Low,Insufficient biometric activity for surge prediction.
Madhya Pradesh,Chhindwara,2025-10,No,0.0,N/A,Low,Insufficient biometric activity for surge prediction.
Madhya Pradesh,Damoh,2025-10,No,0.0,N/A,Low,Insufficient biometric activity for surge prediction.
Madhya Pradesh,Datia,2025-10,No,0.0,N/A,Low,Insufficient biometric activity for surge prediction.
Madhya Pradesh,Dewas,2025-10,No,0.0,N/A,Low,Insufficient biometric activity for surge prediction.
Madhya Pradesh,Dhar,2025-10,No,0.0,N/A,Low,Insufficient biometric activity for surge prediction.
Madhya Pradesh,Dindori,2025-09,No,0.0,N/A,Low,Insufficient biometric activity for surge prediction.
Madhya Pradesh,East Nimar,2025-10,No,0.0,N/A,Low,Insufficient biometric activity for surge prediction.
Madhya Pradesh,Guna,2025-10,No,0.0,N/A,Low,Insufficient biometric activity for surge prediction.
Madhya Pradesh,Gwalior,2025-10,No,0.0,N/A,Low,Insufficient biometric activity for surge prediction.
Madhya Pradesh,Harda,2025-05,No,0.0,N/A,Low,Insufficient biometric activity for surge prediction.
Madhya Pradesh,Harda *,2025-07,No,0.0,N/A,Low,Insufficient biometric activity for surge prediction.
Madhya Pradesh,Hoshangabad,2025-10,No,0.0,N/A,Low,Insufficient biometric activity for surge prediction.
Madhya Pradesh,Indore,2025-10,No,0.0,N/A,Low,Insufficient biometric activity for surge prediction.
Madhya Pradesh,Jabalpur,2025-10,No,0.0,N/A,Low,Insufficient biometric activity for surge prediction.
Madhya Pradesh,Jhabua,2025-10,No,0.0,N/A,Low,Insufficient biometric activity for surge prediction.
Madhya Pradesh,Katni,2025-10,No,0.0,N/A,Low,Insufficient biometric activity for surge prediction.
Madhya Pradesh,Khandwa,2025-10,No,0.0,N/A,Low,Insufficient biometric activity for surge prediction.
Madhya Pradesh,Khargone,2025-10,No,0.0,N/A,Low,Insufficient biometric activity for surge prediction.
Madhya Pradesh,Maihar,2025-10,No,0.0,N/A,Low,Insufficient biometric activity for surge prediction.
Madhya Pradesh,Mandla,2025-10,No,0.0,N/A,Low,Insufficient biometric activity for surge prediction.
Madhya Pradesh,Mandsaur,2025-10,No,0.0,N/A,Low,Insufficient biometric activity for surge prediction.
Madhya Pradesh,Mauganj,2025-10,No,0.0,N/A,Low,Insufficient biometric activity for surge prediction.
Madhya Pradesh,Morena,2025-10,No,0.0,N/A,Low,Insufficient biometric activity for surge prediction.
Madhya Pradesh,Narmadapuram,2025-10,No,0.0,N/A,Low,Insufficient biometric activity for surge prediction.
Madhya Pradesh,Narsimhapur,2025-10,No,0.0,N/A,Low,Insufficient biometric activity for surge prediction.
Madhya Pradesh,Narsinghpur,2025-10,No,0.0,N/A,Low,Insufficient biometric activity for surge prediction.
Madhya Pradesh,Neemuch,2025-10,No,0.0,N/A,Low,Insufficient biometric activity for surge prediction.
Madhya Pradesh,Niwari,2025-10,No,0.0,N/A,Low,Insufficient biometric activity for surge prediction.
Madhya Pradesh,Pandhurna,2025-10,No,0.0,N/A,Low,Insufficient biometric activity for surge prediction.
Madhya Pradesh,Panna,2025-10,No,0.0,N/A,Low,Insufficient biometric activity for surge prediction.
Madhya Pradesh,Raisen,2025-10,No,0.0,N/A,Low,Insufficient biometric activity for surge prediction.
Madhya Pradesh,Rajgarh,2025-10,No,0.0,N/A,Low,Insufficient biometric activity for surge prediction.
Madhya Pradesh,Ratlam,2025-10,No,0.0,N/A,Low,Insufficient biometric activity for surge prediction.
Madhya Pradesh,Rewa,2025-10,No,0.0,N/A,Low,Insufficient biometric activity for surge prediction.
Madhya Pradesh,Sagar,2025-10,No,0.0,N/A,Low,Insufficient biometric activity for surge prediction.
Madhya Pradesh,Satna,2025-10,No,0.0,N/A,Low,Insufficient biometric activity for surge prediction.
Madhya Pradesh,Sehore,2025-10,No,0.0,N/A,Low,Insufficient biometric activity for surge prediction.
Madhya Pradesh,Seoni,2025-10,No,0.0,N/A,Low,Insufficient biometric activity for surge prediction.
Madhya Pradesh,Shahdol,2025-10,No,0.0,N/A,Low,Insufficient biometric activity for surge prediction.
Madhya Pradesh,Shajapur,2025-10,No,0.0,N/A,Low,Insufficient biometric activity for surge prediction.
Madhya Pradesh,Sheopur,2025-10,No,0.0,N/A,Low,Insufficient biometric activity for surge prediction.
Madhya Pradesh,Shivpuri,2025-10,No,0.0,N/A,Low,Insufficient biometric activity for surge prediction.
Madhya Pradesh,Sidhi,2025-10,No,0.0,N/A,Low,Insufficient biometric activity for surge prediction.
Madhya Pradesh,Singrauli,2025-10,No,0.0,N/A,Low,Insufficient biometric activity for surge prediction.
Madhya Pradesh,Tikamgarh,2025-10,No,0.0,N/A,Low,Insufficient biometric activity for surge prediction.
Madhya Pradesh,Ujjain,2025-10,No,0.0,N/A,Low,Insufficient biometric activity for surge prediction.
Madhya Pradesh,Umaria,2025-10,No,0.0,N/A,Low,Insufficient biometric activity for surge prediction.
Madhya Pradesh,Vidisha,2025-10,No,0.0,N/A,Low,Insufficient biometric activity for surge prediction.
Madhya Pradesh,West Nimar,2025-10,No,0.0,N/A,Low,Insufficient biometric activity for surge prediction.
Maharashtra,Ahilyanagar,2025-10,No,0.0,N/A,Low,Insufficient biometric activity for surge prediction.
Maharashtra,Ahmadnagar,2025-10,No,0.0,N/A,Low,Insufficient biometric activity for surge prediction.
Maharashtra,Ahmed Nagar,2025-10,No,0.0,N/A,Low,Insufficient biometric activity for surge prediction.
Maharashtra,Akola,2025-10,No,0.0,N/A,Low,Insufficient biometric activity for surge prediction.
Maharashtra,Amravati,2025-10,No,0.0,N/A,Low,Insufficient biometric activity for surge prediction.
Maharashtra,Aurangabad,2025-10,No,0.0,N/A,Low,Insufficient biometric activity for surge prediction.
Maharashtra,Beed,2025-10,No,0.0,N/A,Low,Insufficient biometric activity for surge prediction.
Maharashtra,Bhandara,2025-10,No,0.0,N/A,Low,Insufficient biometric activity for surge prediction.
Maharashtra,Bid,2025-10,No,0.0,N/A,Low,Insufficient biometric activity for surge prediction.
Maharashtra,Buldana,2025-10,No,0.0,N/A,Low,Insufficient biometric activity for surge prediction.
Maharashtra,Buldhana,2025-10,No,0.0,N/A,Low,Insufficient biometric activity for surge prediction.
Maharashtra,Chandrapur,2025-10,No,0.0,N/A,Low,Insufficient biometric activity for surge prediction.
Maharashtra,Chatrapati Sambhaji Nagar,2025-05,No,0.0,N/A,Low,Insufficient biometric activity for surge prediction.
Maharashtra,Chhatrapati Sambhajinagar,2025-10,No,0.0,N/A,Low,Insufficient biometric activity for surge prediction.
Maharashtra,Dharashiv,2025-10,No,0.0,N/A,Low,Insufficient biometric activity for surge prediction.
Maharashtra,Dhule,2025-10,No,0.0,N/A,Low,Insufficient biometric activity for surge prediction.
Maharashtra,Gadchiroli,2025-10,No,0.0,N/A,Low,Insufficient biometric activity for surge prediction.
Maharashtra,Gondia,2025-09,No,0.0,N/A,Low,Insufficient biometric activity for surge prediction.
Maharashtra,Gondiya,2025-10,No,0.0,N/A,Low,Insufficient biometric activity for surge prediction.
Maharashtra,Gondiya *,2025-10,No,0.0,N/A,Low,Insufficient biometric activity for surge prediction.
Maharashtra,Hingoli,2025-10,No,0.0,N/A,Low,Insufficient biometric activity for surge prediction.
Maharashtra,Jalgaon,2025-10,No,0.0,N/A,Low,Insufficient biometric activity for surge prediction.
Maharashtra,Jalna,2025-10,No,0.0,N/A,Low,Insufficient biometric activity for surge prediction.
Maharashtra,Kolhapur,2025-10,No,0.0,N/A,Low,Insufficient biometric activity for surge prediction.
Maharashtra,Latur,2025-10,No,0.0,N/A,Low,Insufficient biometric activity for surge prediction.
Maharashtra,Mumbai,2025-10,No,0.0,N/A,Low,Insufficient biometric activity for surge prediction.
Maharashtra,Mumbai City,2025-10,No,0.0,N/A,Low,Insufficient biometric activity for surge prediction.
Maharashtra,Mumbai Suburban,2025-10,No,0.0,N/A,Low,Insufficient biometric activity for surge prediction.
Maharashtra,Mumbai( Sub Urban ),2025-10,No,0.0,N/A,Low,Insufficient biometric activity for surge prediction.
Maharashtra,Nagpur,2025-10,No,0.0,N/A,Low,Insufficient biometric activity for surge prediction.
Maharashtra,Nanded,2025-10,No,0.0,N/A,Low,Insufficient biometric activity for surge prediction.
Maharashtra,Nandurbar,2025-10,No,0.0,N/A,Low,Insufficient biometric activity for surge prediction.
Maharashtra,Nandurbar *,2025-10,No,0.0,N/A,Low,Insufficient biometric activity for surge prediction.
Maharashtra,Nashik,2025-10,No,0.0,N/A,Low,Insufficient biometric activity for surge prediction.
Maharashtra,Osmanabad,2025-10,No,0.0,N/A,Low,Insufficient biometric activity for surge prediction.
Maharashtra,Palghar,2025-10,No,0.0,N/A,Low,Insufficient biometric activity for surge prediction.
Maharashtra,Parbhani,2025-10,No,0.0,N/A,Low,Insufficient biometric activity for surge prediction.
Maharashtra,Pune,2025-10,No,0.0,N/A,Low,Insufficient biometric activity for surge prediction.
Maharashtra,Raigad,2025-10,No,0.0,N/A,Low,Insufficient biometric activity for surge prediction.
Maharashtra,Raigarh,2025-10,No,0.0,N/A,Low,Insufficient biometric activity for surge prediction.
Maharashtra,Raigarh(MH),2025-10,No,0.0,N/A,Low,Insufficient biometric activity for surge prediction.
Maharashtra,Ratnagiri,2025-10,No,0.0,N/A,Low,Insufficient biometric activity for surge prediction.
Maharashtra,Sangli,2025-10,No,0.0,N/A,Low,Insufficient biometric activity for surge prediction.
Maharashtra,Satara,2025-10,No,0.0,N/A,Low,Insufficient biometric activity for surge prediction.
Maharashtra,Sindhudurg,2025-10,No,0.0,N/A,Low,Insufficient biometric activity for surge prediction.
Maharashtra,Solapur,2025-10,No,0.0,N/A,Low,Insufficient biometric activity for surge prediction.
Maharashtra,Thane,2025-10,No,0.0,N/A,Low,Insufficient biometric activity for surge prediction.
Maharashtra,Wardha,2025-10,No,0.0,N/A,Low,Insufficient biometric activity for surge prediction.
Maharashtra,Washim,2025-10,No,0.0,N/A,Low,Insufficient biometric activity for surge prediction.
Maharashtra,Washim *,2025-09,No,0.0,N/A,Low,Insufficient biometric activity for surge prediction.
Maharashtra,Yavatmal,2025-10,No,0.0,N/A,Low,Insufficient biometric activity for surge prediction.
Manipur,Bishnupur,2025-10,No,0.0,N/A,Low,Insufficient biometric activity for surge prediction.
Manipur,Chandel,2025-10,No,0.0,N/A,Low,Insufficient biometric activity for surge prediction.
Manipur,Churachandpur,2025-10,No,0.0,N/A,Low,Insufficient biometric activity for surge prediction.
Manipur,Imphal East,2025-10,No,0.0,N/A,Low,Insufficient biometric activity for surge prediction.
Manipur,Imphal West,2025-10,No,0.0,N/A,Low,Insufficient biometric activity for surge prediction.
Manipur,Jiribam,2025-09,No,0.0,N/A,Low,Insufficient biometric activity for surge prediction.
Manipur,Kakching,2025-05,No,0.0,N/A,Low,Insufficient biometric activity for surge prediction.
Manipur,Pherzawl,2025-09,No,0.0,N/A,Low,Insufficient biometric activity for surge prediction.
Manipur,Senapati,2025-10,No,0.0,N/A,Low,Insufficient biometric activity for surge prediction.
Manipur,Tamenglong,2025-10,No,0.0,N/A,Low,Insufficient biometric activity for surge prediction.
Manipur,Thoubal,2025-10,No,0.0,N/A,Low,Insufficient biometric activity for surge prediction.
Manipur,Ukhrul,2025-10,No,0.0,N/A,Low,Insufficient biometric activity for surge prediction.
Meghalaya,East Garo Hills,2025-09,No,0.0,N/A,Low,Insufficient biometric activity for surge prediction.
Meghalaya,East Jaintia Hills,2025-09,No,0.0,N/A,Low,Insufficient biometric activity for surge prediction.
Meghalaya,East Khasi Hills,2025-10,No,0.0,N/A,Low,Insufficient biometric activity for surge prediction.
Meghalaya,Eastern West Khasi Hills,2025-08,No,0.0,N/A,Low,Insufficient biometric activity for surge prediction.
Meghalaya,North Garo Hills,2025-10,No,0.0,N/A,Low,Insufficient biometric activity for surge prediction.
Meghalaya,Ri Bhoi,2025-10,No,0.0,N/A,Low,Insufficient biometric activity for surge prediction.
Meghalaya,South Garo Hills,2025-10,No,0.0,N/A,Low,Insufficient biometric activity for surge prediction.
Meghalaya,South West Garo Hills,2025-09,No,0.0,N/A,Low,Insufficient biometric activity for surge prediction.
Meghalaya,South West Khasi Hills,2025-10,No,0.0,N/A,Low,Insufficient biometric activity for surge prediction.
Meghalaya,West Garo Hills,2025-10,No,0.0,N/A,Low,Insufficient biometric activity for surge prediction.
Meghalaya,West Jaintia Hills,2025-08,No,0.0,N/A,Low,Insufficient biometric activity for surge prediction.
Meghalaya,West Khasi Hills,2025-04,No,0.0,N/A,Low,Insufficient biometric activity for surge prediction.
Mizoram,Aizawl,2025-10,No,0.0,N/A,Low,Insufficient biometric activity for surge prediction.
Mizoram,Champhai,2025-10,No,0.0,N/A,Low,Insufficient biometric activity for surge prediction.
Mizoram,Hnahthial,2025-04,No,0.0,N/A,Low,Insufficient biometric activity for surge prediction.
Mizoram,Kolasib,2025-10,No,0.0,N/A,Low,Insufficient biometric activity for surge prediction.
Mizoram,Lawngtlai,2025-09,No,0.0,N/A,Low,Insufficient biometric activity for surge prediction.
Mizoram,Lunglei,2025-10,No,0.0,N/A,Low,Insufficient biometric activity for surge prediction.
Mizoram,Mamit,2025-10,No,0.0,N/A,Low,Insufficient biometric activity for surge prediction.
Mizoram,Mammit,2025-05,No,0.0,N/A,Low,Insufficient biometric activity for surge prediction.
Mizoram,Saiha,2025-10,No,0.0,N/A,Low,Insufficient biometric activity for surge prediction.
Mizoram,Saitual,2025-08,No,0.0,N/A,Low,Insufficient biometric activity for surge prediction.
Mizoram,Serchhip,2025-05,No,0.0,N/A,Low,Insufficient biometric activity for surge prediction.
Nagaland,Chumukedima,2025-09,No,0.0,N/A,Low,Insufficient biometric activity for surge prediction.
Nagaland,Dimapur,2025-10,No,0.0,N/A,Low,Insufficient biometric activity for surge prediction.
Nagaland,Kiphire,2025-08,No,0.0,N/A,Low,Insufficient biometric activity for surge prediction.
Nagaland,Kohima,2025-10,No,0.0,N/A,Low,Insufficient biometric activity for surge prediction.
Nagaland,Longleng,2025-05,No,0.0,N/A,Low,Insufficient biometric activity for surge prediction.
Nagaland,Meluri,2025-03,No,0.0,N/A,Low,Insufficient biometric activity for surge prediction.
Nagaland,Mokokchung,2025-10,No,0.0,N/A,Low,Insufficient biometric activity for surge prediction.
Nagaland,Mon,2025-08,No,0.0,N/A,Low,Insufficient biometric activity for surge prediction.
Nagaland,Niuland,2025-07,No,0.0,N/A,Low,Insufficient biometric activity for surge prediction.
Nagaland,Noklak,2025-08,No,0.0,N/A,Low,Insufficient biometric activity for surge prediction.
Nagaland,Peren,2025-09,No,0.0,N/A,Low,Insufficient biometric activity for surge prediction.
Nagaland,Phek,2025-09,No,0.0,N/A,Low,Insufficient biometric activity for surge prediction.
Nagaland,Shamator,2025-10,No,0.0,N/A,Low,Insufficient biometric activity for surge prediction.
Nagaland,Tuensang,2025-10,No,0.0,N/A,Low,Insufficient biometric activity for surge prediction.
Nagaland,Wokha,2025-10,No,0.0,N/A,Low,Insufficient biometric activity for surge prediction.
Nagaland,Zunheboto,2025-09,No,0.0,N/A,Low,Insufficient biometric activity for surge prediction.
ODISHA,NUAPADA,2025-05,No,0.0,N/A,Low,Insufficient biometric activity for surge prediction.
Odisha,ANUGUL,2025-05,No,0.0,N/A,Low,Insufficient biometric activity for surge prediction.
Odisha,Angul,2025-10,No,0.0,N/A,Low,Insufficient biometric activity for surge prediction.
Odisha,Anugul,2025-10,No,0.0,N/A,Low,Insufficient biometric activity for surge prediction.
Odisha,Balangir,2025-10,No,0.0,N/A,Low,Insufficient biometric activity for surge prediction.
Odisha,Baleshwar,2025-10,No,0.0,N/A,Low,Insufficient biometric activity for surge prediction.
Odisha,Baleswar,2025-10,No,0.0,N/A,Low,Insufficient biometric activity for surge prediction.
Odisha,Bargarh,2025-10,No,0.0,N/A,Low,Insufficient biometric activity for surge prediction.
Odisha,Baudh,2025-08,No,0.0,N/A,Low,Insufficient biometric activity for surge prediction.
Odisha,Bhadrak,2025-10,No,0.0,N/A,Low,Insufficient biometric activity for surge prediction.
Odisha,Bhadrak(R),2025-01,No,0.0,N/A,Low,Insufficient biometric activity for surge prediction.
Odisha,Boudh,2025-10,No,0.0,N/A,Low,Insufficient biometric activity for surge prediction.
Odisha,Cuttack,2025-10,No,0.0,N/A,Low,Insufficient biometric activity for surge prediction.
Odisha,Debagarh,2025-10,No,0.0,N/A,Low,Insufficient biometric activity for surge prediction.
Odisha,Dhenkanal,2025-10,No,0.0,N/A,Low,Insufficient biometric activity for surge prediction.
Odisha,Gajapati,2025-10,No,0.0,N/A,Low,Insufficient biometric activity for surge prediction.
Odisha,Ganjam,2025-10,No,0.0,N/A,Low,Insufficient biometric activity for surge prediction.
Odisha,JAJPUR,2025-10,No,0.0,N/A,Low,Insufficient biometric activity for surge prediction.
Odisha,Jagatsinghapur,2025-10,No,0.0,N/A,Low,Insufficient biometric activity for surge prediction.
Odisha,Jagatsinghpur,2025-10,No,0.0,N/A,Low,Insufficient biometric activity for surge prediction.
Odisha,Jajapur,2025-10,No,0.0,N/A,Low,Insufficient biometric activity for surge prediction.
Odisha,Jajpur,2025-05,No,0.0,N/A,Low,Insufficient biometric activity for surge prediction.
Odisha,Jharsuguda,2025-10,No,0.0,N/A,Low,Insufficient biometric activity for surge prediction.
Odisha,Kalahandi,2025-10,No,0.0,N/A,Low,Insufficient biometric activity for surge prediction.
Odisha,Kandhamal,2025-10,No,0.0,N/A,Low,Insufficient biometric activity for surge prediction.
Odisha,Kendrapara,2025-10,No,0.0,N/A,Low,Insufficient biometric activity for surge prediction.
Odisha,Kendujhar,2025-10,No,0.0,N/A,Low,Insufficient biometric activity for surge prediction.
Odisha,Khorda,2025-10,No,0.0,N/A,Low,Insufficient biometric activity for surge prediction.
Odisha,Khordha,2025-10,No,0.0,N/A,Low,Insufficient biometric activity for surge prediction.
Odisha,Koraput,2025-10,No,0.0,N/A,Low,Insufficient biometric activity for surge prediction.
Odisha,Malkangiri,2025-10,No,0.0,N/A,Low,Insufficient biometric activity for surge prediction.
Odisha,Mayurbhanj,2025-10,No,0.0,N/A,Low,Insufficient biometric activity for surge prediction.
Odisha,NUAPADA,2025-07,No,0.0,N/A,Low,Insufficient biometric activity for surge prediction.
Odisha,Nabarangapur,2025-10,No,0.0,N/A,Low,Insufficient biometric activity for surge prediction.
Odisha,Nayagarh,2025-10,No,0.0,N/A,Low,Insufficient biometric activity for surge prediction.
Odisha,Nuapada,2025-10,No,0.0,N/A,Low,Insufficient biometric activity for surge prediction.
Odisha,Puri,2025-10,No,0.0,N/A,Low,Insufficient biometric activity for surge prediction.
Odisha,Rayagada,2025-10,No,0.0,N/A,Low,Insufficient biometric activity for surge prediction.
Odisha,Sambalpur,2025-10,No,0.0,N/A,Low,Insufficient biometric activity for surge prediction.
Odisha,Sonapur,2025-10,No,0.0,N/A,Low,Insufficient biometric activity for surge prediction.
Odisha,Subarnapur,2025-09,No,0.0,N/A,Low,Insufficient biometric activity for surge prediction.
Odisha,Sundargarh,2025-10,No,0.0,N/A,Low,Insufficient biometric activity for surge prediction.
Odisha,Sundergarh,2025-10,No,0.0,N/A,Low,Insufficient biometric activity for surge prediction.
Odisha,jajpur,2025-05,No,0.0,N/A,Low,Insufficient biometric activity for surge prediction.
Orissa,Anugul,2025-08,No,0.0,N/A,Low,Insufficient biometric activity for surge prediction.
Orissa,Balangir,2025-10,No,0.0,N/A,Low,Insufficient biometric activity for surge prediction.
Orissa,Baleshwar,2025-10,No,0.0,N/A,Low,Insufficient biometric activity for surge prediction.
Orissa,Bargarh,2025-09,No,0.0,N/A,Low,Insufficient biometric activity for surge prediction.
Orissa,Bhadrak,2025-10,No,0.0,N/A,Low,Insufficient biometric activity for surge prediction.
Orissa,Cuttack,2025-10,No,0.0,N/A,Low,Insufficient biometric activity for surge prediction.
Orissa,Dhenkanal,2025-10,No,0.0,N/A,Low,Insufficient biometric activity for surge prediction.
Orissa,Gajapati,2025-03,No,0.0,N/A,Low,Insufficient biometric activity for surge prediction.
Orissa,Ganjam,2025-10,No,0.0,N/A,Low,Insufficient biometric activity for surge prediction.
Orissa,Jagatsinghapur,2025-10,No,0.0,N/A,Low,Insufficient biometric activity for surge prediction.
Orissa,Jajapur,2025-10,No,0.0,N/A,Low,Insufficient biometric activity for surge prediction.
Orissa,Jharsuguda,2025-05,No,0.0,N/A,Low,Insufficient biometric activity for surge prediction.
Orissa,Kandhamal,2025-08,No,0.0,N/A,Low,Insufficient biometric activity for surge prediction.
Orissa,Kendrapara,2025-10,No,0.0,N/A,Low,Insufficient biometric activity for surge prediction.
Orissa,Kendujhar,2025-07,No,0.0,N/A,Low,Insufficient biometric activity for surge prediction.
Orissa,Khordha,2025-10,No,0.0,N/A,Low,Insufficient biometric activity for surge prediction.
Orissa,Koraput,2025-10,No,0.0,N/A,Low,Insufficient biometric activity for surge prediction.
Orissa,Malkangiri,2025-04,No,0.0,N/A,Low,Insufficient biometric activity for surge prediction.
Orissa,Mayurbhanj,2025-07,No,0.0,N/A,Low,Insufficient biometric activity for surge prediction.
Orissa,Nabarangapur,2025-05,No,0.0,N/A,Low,Insufficient biometric activity for surge prediction.
Orissa,Nayagarh,2025-09,No,0.0,N/A,Low,Insufficient biometric activity for surge prediction.
Orissa,Puri,2025-10,No,0.0,N/A,Low,Insufficient biometric activity for surge prediction.
Orissa,Rayagada,2025-09,No,0.0,N/A,Low,Insufficient biometric activity for surge prediction.
Orissa,Sambalpur,2025-03,No,0.0,N/A,Low,Insufficient biometric activity for surge prediction.
Orissa,Sonapur,2025-09,No,0.0,N/A,Low,Insufficient biometric activity for surge prediction.
Orissa,Sundargarh,2025-10,No,0.0,N/A,Low,Insufficient biometric activity for surge prediction.
Pondicherry,Karaikal,2025-08,No,0.0,N/A,Low,Insufficient biometric activity for surge prediction.
Pondicherry,Pondicherry,2025-09,No,0.0,N/A,Low,Insufficient biometric activity for surge prediction.
Pondicherry,Yanam,2025-08,No,0.0,N/A,Low,Insufficient biometric activity for surge prediction.
Puducherry,Karaikal,2025-09,No,0.0,N/A,Low,Insufficient biometric activity for surge prediction.
Puducherry,Pondicherry,2025-05,No,0.0,N/A,Low,Insufficient biometric activity for surge prediction.
Puducherry,Puducherry,2025-10,No,0.0,N/A,Low,Insufficient biometric activity for surge prediction.
Puducherry,Yanam,2025-05,No,0.0,N/A,Low,Insufficient biometric activity for surge prediction.
Punjab,Amritsar,2025-10,No,0.0,N/A,Low,Insufficient biometric activity for surge prediction.
Punjab,Barnala,2025-10,No,0.0,N/A,Low,Insufficient biometric activity for surge prediction.
Punjab,Bathinda,2025-10,No,0.0,N/A,Low,Insufficient biometric activity for surge prediction.
Punjab,Faridkot,2025-10,No,0.0,N/A,Low,Insufficient biometric activity for surge prediction.
Punjab,Fatehgarh Sahib,2025-10,No,0.0,N/A,Low,Insufficient biometric activity for surge prediction.
Punjab,Fazilka,2025-10,No,0.0,N/A,Low,Insufficient biometric activity for surge prediction.
Punjab,Ferozepur,2025-10,No,0.0,N/A,Low,Insufficient biometric activity for surge prediction.
Punjab,Firozpur,2025-10,No,0.0,N/A,Low,Insufficient biometric activity for surge prediction.
Punjab,Gurdaspur,2025-10,No,0.0,N/A,Low,Insufficient biometric activity for surge prediction.
Punjab,Hoshiarpur,2025-10,No,0.0,N/A,Low,Insufficient biometric activity for surge prediction.
Punjab,Jalandhar,2025-10,No,0.0,N/A,Low,Insufficient biometric activity for surge prediction.
Punjab,Kapurthala,2025-10,No,0.0,N/A,Low,Insufficient biometric activity for surge prediction.
Punjab,Ludhiana,2025-10,No,0.0,N/A,Low,Insufficient biometric activity for surge prediction.
Punjab,Malerkotla,2025-10,No,0.0,N/A,Low,Insufficient biometric activity for surge prediction.
Punjab,Mansa,2025-10,No,0.0,N/A,Low,Insufficient biometric activity for surge prediction.
Punjab,Moga,2025-10,No,0.0,N/A,Low,Insufficient biometric activity for surge prediction.
Punjab,Muktsar,2025-09,No,0.0,N/A,Low,Insufficient biometric activity for surge prediction.
Punjab,Nawanshahr,2025-10,No,0.0,N/A,Low,Insufficient biometric activity for surge prediction.
Punjab,Pathankot,2025-10,No,0.0,N/A,Low,Insufficient biometric activity for surge prediction.
Punjab,Patiala,2025-10,No,0.0,N/A,Low,Insufficient biometric activity for surge prediction.
Punjab,Rupnagar,2025-10,No,0.0,N/A,Low,Insufficient biometric activity for surge prediction.
Punjab,S.A.S Nagar(Mohali),2025-10,No,0.0,N/A,Low,Insufficient biometric activity for surge prediction.
Punjab,SAS Nagar (Mohali),2025-10,No,0.0,N/A,Low,Insufficient biometric activity for surge prediction.
Punjab,Sangrur,2025-10,No,0.0,N/A,Low,Insufficient biometric activity for surge prediction.
Punjab,Shaheed Bhagat Singh Nagar,2025-10,No,0.0,N/A,Low,Insufficient biometric activity for surge prediction.
Punjab,Sri Muktsar Sahib,2025-10,No,0.0,N/A,Low,Insufficient biometric activity for surge prediction.
Punjab,Tarn Taran,2025-10,No,0.0,N/A,Low,Insufficient biometric activity for surge prediction.
Rajasthan,Ajmer,2025-10,No,0.0,N/A,Low,Insufficient biometric activity for surge prediction.
Rajasthan,Alwar,2025-10,No,0.0,N/A,Low,Insufficient biometric activity for surge prediction.
Rajasthan,Balotra,2025-10,No,0.0,N/A,Low,Insufficient biometric activity for surge prediction.
Rajasthan,Banswara,2025-08,No,0.0,N/A,Low,Insufficient biometric activity for surge prediction.
Rajasthan,Baran,2025-10,No,0.0,N/A,Low,Insufficient biometric activity for surge prediction.
Rajasthan,Barmer,2025-10,No,0.0,N/A,Low,Insufficient biometric activity for surge prediction.
Rajasthan,Beawar,2025-10,No,0.0,N/A,Low,Insufficient biometric activity for surge prediction.
Rajasthan,Bharatpur,2025-10,No,0.0,N/A,Low,Insufficient biometric activity for surge prediction.
Rajasthan,Bhilwara,2025-10,No,0.0,N/A,Low,Insufficient biometric activity for surge prediction.
Rajasthan,Bikaner,2025-10,No,0.0,N/A,Low,Insufficient biometric activity for surge prediction.
Rajasthan,Bundi,2025-10,No,0.0,N/A,Low,Insufficient biometric activity for surge prediction.
Rajasthan,Chittaurgarh,2025-10,No,0.0,N/A,Low,Insufficient biometric activity for surge prediction.
Rajasthan,Chittorgarh,2025-10,No,0.0,N/A,Low,Insufficient biometric activity for surge prediction.
Rajasthan,Churu,2025-10,No,0.0,N/A,Low,Insufficient biometric activity for surge prediction.
Rajasthan,Dausa,2025-10,No,0.0,N/A,Low,Insufficient biometric activity for surge prediction.
Rajasthan,Deeg,2025-01,No,0.0,N/A,Low,Insufficient biometric activity for surge prediction.
Rajasthan,Deeg ,2025-10,No,0.0,N/A,Low,Insufficient biometric activity for surge prediction.
Rajasthan,Dhaulpur,2025-04,No,0.0,N/A,Low,Insufficient biometric activity for surge prediction.
Rajasthan,Dholpur,2025-08,No,0.0,N/A,Low,Insufficient biometric activity for surge prediction.
Rajasthan,Didwana-Kuchaman,2025-10,No,0.0,N/A,Low,Insufficient biometric activity for surge prediction.
Rajasthan,Dungarpur,2025-10,No,0.0,N/A,Low,Insufficient biometric activity for surge prediction.
Rajasthan,Ganganagar,2025-10,No,0.0,N/A,Low,Insufficient biometric activity for surge prediction.
Rajasthan,Hanumangarh,2025-10,No,0.0,N/A,Low,Insufficient biometric activity for surge prediction.
Rajasthan,Jaipur,2025-10,No,0.0,N/A,Low,Insufficient biometric activity for surge prediction.
Rajasthan,Jaisalmer,2025-10,No,0.0,N/A,Low,Insufficient biometric activity for surge prediction.
Rajasthan,Jalor,2025-10,No,0.0,N/A,Low,Insufficient biometric activity for surge prediction.
Rajasthan,Jalore,2025-10,No,0.0,N/A,Low,Insufficient biometric activity for surge prediction.
Rajasthan,Jhalawar,2025-10,No,0.0,N/A,Low,Insufficient biometric activity for surge prediction.
Rajasthan,Jhunjhunu,2025-10,No,0.0,N/A,Low,Insufficient biometric activity for surge prediction.
Rajasthan,Jhunjhunun,2025-10,No,0.0,N/A,Low,Insufficient biometric activity for surge prediction.
Rajasthan,Jodhpur,2025-10,No,0.0,N/A,Low,Insufficient biometric activity for surge prediction.
Rajasthan,Karauli,2025-10,No,0.0,N/A,Low,Insufficient biometric activity for surge prediction.
Rajasthan,Khairthal-Tijara,2025-10,No,0.0,N/A,Low,Insufficient biometric activity for surge prediction.
Rajasthan,Kota,2025-10,No,0.0,N/A,Low,Insufficient biometric activity for surge prediction.
Rajasthan,Kotputli-Behror,2025-10,No,0.0,N/A,Low,Insufficient biometric activity for surge prediction.
Rajasthan,Nagaur,2025-10,No,0.0,N/A,Low,Insufficient biometric activity for surge prediction.
Rajasthan,Pali,2025-10,No,0.0,N/A,Low,Insufficient biometric activity for surge prediction.
Rajasthan,Phalodi,2025-10,No,0.0,N/A,Low,Insufficient biometric activity for surge prediction.
Rajasthan,Pratapgarh,2025-10,No,0.0,N/A,Low,Insufficient biometric activity for surge prediction.
Rajasthan,Rajsamand,2025-10,No,0.0,N/A,Low,Insufficient biometric activity for surge prediction.
Rajasthan,Salumbar,2025-10,No,0.0,N/A,Low,Insufficient biometric activity for surge prediction.
Rajasthan,Sawai Madhopur,2025-10,No,0.0,N/A,Low,Insufficient biometric activity for surge prediction.
Rajasthan,Sikar,2025-10,No,0.0,N/A,Low,Insufficient biometric activity for surge prediction.
Rajasthan,Sirohi,2025-10,No,0.0,N/A,Low,Insufficient biometric activity for surge prediction.
Rajasthan,Tonk,2025-10,No,0.0,N/A,Low,Insufficient biometric activity for surge prediction.
Rajasthan,Udaipur,2025-10,No,0.0,N/A,Low,Insufficient biometric activity for surge prediction.
Sikkim,East,2025-10,No,0.0,N/A,Low,Insufficient biometric activity for surge prediction.
Sikkim,East Sikkim,2025-10,No,0.0,N/A,Low,Insufficient biometric activity for surge prediction.
Sikkim,Mangan,2025-07,No,0.0,N/A,Low,Insufficient biometric activity for surge prediction.
Sikkim,Namchi,2025-05,No,0.0,N/A,Low,Insufficient biometric activity for surge prediction.
Sikkim,North,2025-08,No,0.0,N/A,Low,Insufficient biometric activity for surge prediction.
Sikkim,North Sikkim,2025-05,No,0.0,N/A,Low,Insufficient biometric activity for surge prediction.
Sikkim,South,2025-10,No,0.0,N/A,Low,Insufficient biometric activity for surge prediction.
Sikkim,South Sikkim,2025-10,No,0.0,N/A,Low,Insufficient biometric activity for surge prediction.
Sikkim,West,2025-10,No,0.0,N/A,Low,Insufficient biometric activity for surge prediction.
Sikkim,West Sikkim,2025-10,No,0.0,N/A,Low,Insufficient biometric activity for surge prediction.
Tamil Nadu,Ariyalur,2025-10,No,0.0,N/A,Low,Insufficient biometric activity for surge prediction.
Tamil Nadu,Chengalpattu,2025-10,No,0.0,N/A,Low,Insufficient biometric activity for surge prediction.
Tamil Nadu,Chennai,2025-10,No,0.0,N/A,Low,Insufficient biometric activity for surge prediction.
Tamil Nadu,Coimbatore,2025-10,No,0.0,N/A,Low,Insufficient biometric activity for surge prediction.
Tamil Nadu,Cuddalore,2025-10,No,0.0,N/A,Low,Insufficient biometric activity for surge prediction.
Tamil Nadu,Dharmapuri,2025-10,No,0.0,N/A,Low,Insufficient biometric activity for surge prediction.
Tamil Nadu,Dindigul,2025-10,No,0.0,N/A,Low,Insufficient biometric activity for surge prediction.
Tamil Nadu,Erode,2025-10,No,0.0,N/A,Low,Insufficient biometric activity for surge prediction.
Tamil Nadu,Kallakurichi,2025-10,No,0.0,N/A,Low,Insufficient biometric activity for surge prediction.
Tamil Nadu,Kancheepuram,2025-10,No,0.0,N/A,Low,Insufficient biometric activity for surge prediction.
Tamil Nadu,Kanniyakumari,2025-10,No,0.0,N/A,Low,Insufficient biometric activity for surge prediction.
Tamil Nadu,Kanyakumari,2025-10,No,0.0,N/A,Low,Insufficient biometric activity for surge prediction.
Tamil Nadu,Karur,2025-10,No,0.0,N/A,Low,Insufficient biometric activity for surge prediction.
Tamil Nadu,Krishnagiri,2025-12,No,0.0,N/A,Low,Insufficient biometric activity for surge prediction.
Tamil Nadu,Madurai,2025-12,No,0.0,N/A,Low,Insufficient biometric activity for surge prediction.
Tamil Nadu,Mayiladuthurai,2025-12,No,0.0,N/A,Low,Insufficient biometric activity for surge prediction.
Tamil Nadu,Nagapattinam,2025-12,No,0.0,N/A,Low,Insufficient biometric activity for surge prediction.
Tamil Nadu,Namakkal,2025-12,No,0.0,N/A,Low,Insufficient biometric activity for surge prediction.
Tamil Nadu,Perambalur,2025-12,No,0.0,N/A,Low,Insufficient biometric activity for surge prediction.
Tamil Nadu,Pudukkottai,2025-12,No,0.0,N/A,Low,Insufficient biometric activity for surge prediction.
Tamil Nadu,Ramanathapuram,2025-12,No,0.0,N/A,Low,Insufficient biometric activity for surge prediction.
Tamil Nadu,Ranipet,2025-12,No,0.0,N/A,Low,Insufficient biometric activity for surge prediction.
Tamil Nadu,Salem,2025-12,No,0.0,N/A,Low,Insufficient biometric activity for surge prediction.
Tamil Nadu,Sivaganga,2025-12,No,0.0,N/A,Low,Insufficient biometric activity for surge prediction.
Tamil Nadu,Tenkasi,2025-12,No,0.0,N/A,Low,Insufficient biometric activity for surge prediction.
Tamil Nadu,Thanjavur,2025-12,No,0.0,N/A,Low,Insufficient biometric activity for surge prediction.
Tamil Nadu,The Nilgiris,2025-12,No,0.0,N/A,Low,Insufficient biometric activity for surge prediction.
Tamil Nadu,Theni,2025-12,No,0.0,N/A,Low,Insufficient biometric activity for surge prediction.
Tamil Nadu,Thiruvallur,2025-12,No,0.0,N/A,Low,Insufficient biometric activity for surge prediction.
Tamil Nadu,Thiruvarur,2025-12,No,0.0,N/A,Low,Insufficient biometric activity for surge prediction.
Tamil Nadu,Thoothukkudi,2025-12,No,0.0,N/A,Low,Insufficient biometric activity for surge prediction.
Tamil Nadu,Tiruchirappalli,2025-12,No,0.0,N/A,Low,Insufficient biometric activity for surge prediction.
Tamil Nadu,Tirunelveli,2025-12,No,0.0,N/A,Low,Insufficient biometric activity for surge prediction.
Tamil Nadu,Tirupattur,2025-12,No,0.0,N/A,Low,Insufficient biometric activity for surge prediction.
Tamil Nadu,Tiruppur,2025-12,No,0.0,N/A,Low,Insufficient biometric activity for surge prediction.
Tamil Nadu,Tiruvallur,2025-12,No,0.0,N/A,Low,Insufficient biometric activity for surge prediction.
Tamil Nadu,Tiruvannamalai,2025-12,No,0.0,N/A,Low,Insufficient biometric activity for surge prediction.
Tamil Nadu,Vellore,2025-12,No,0.0,N/A,Low,Insufficient biometric activity for surge prediction.
Tamil Nadu,Villupuram,2025-12,No,0.0,N/A,Low,Insufficient biometric activity for surge prediction.
Tamil Nadu,Viluppuram,2025-12,No,0.0,N/A,Low,Insufficient biometric activity for surge prediction.
Tamil Nadu,Virudhunagar,2025-12,No,0.0,N/A,Low,Insufficient biometric activity for surge prediction.
Telangana,Adilabad,2025-12,No,0.0,N/A,Low,Insufficient biometric activity for surge prediction.
Telangana,Bhadradri Kothagudem,2025-12,No,0.0,N/A,Low,Insufficient biometric activity for surge prediction.
Telangana,Hanumakonda,2025-12,No,0.0,N/A,Low,Insufficient biometric activity for surge prediction.
Telangana,Hyderabad,2025-12,No,0.0,N/A,Low,Insufficient biometric activity for surge prediction.
Telangana,Jagitial,2025-12,No,0.0,N/A,Low,Insufficient biometric activity for surge prediction.
Telangana,Jangaon,2025-10,No,0.0,N/A,Low,Insufficient biometric activity for surge prediction.
Telangana,Jangoan,2025-12,No,0.0,N/A,Low,Insufficient biometric activity for surge prediction.
Telangana,Jayashankar Bhupalpally,2025-12,No,0.0,N/A,Low,Insufficient biometric activity for surge prediction.
Telangana,Jogulamba Gadwal,2025-12,No,0.0,N/A,Low,Insufficient biometric activity for surge prediction.
Telangana,K.v. Rangareddy,2025-12,No,0.0,N/A,Low,Insufficient biometric activity for surge prediction.
Telangana,Kamareddy,2025-12,No,0.0,N/A,Low,Insufficient biometric activity for surge prediction.
Telangana,Karimnagar,2025-12,No,0.0,N/A,Low,Insufficient biometric activity for surge prediction.
Telangana,Khammam,2025-12,No,0.0,N/A,Low,Insufficient biometric activity for surge prediction.
Telangana,Komaram Bheem,2025-12,No,0.0,N/A,Low,Insufficient biometric activity for surge prediction.
Telangana,Mahabubabad,2025-12,No,0.0,N/A,Low,Insufficient biometric activity for surge prediction.
Telangana,Mahabubnagar,2025-12,No,0.0,N/A,Low,Insufficient biometric activity for surge prediction.
Telangana,Mancherial,2025-12,No,0.0,N/A,Low,Insufficient biometric activity for surge prediction.
Telangana,Medak,2025-12,No,0.0,N/A,Low,Insufficient biometric activity for surge prediction.
Telangana,Medchal-malkajgiri,2025-12,No,0.0,N/A,Low,Insufficient biometric activity for surge prediction.
Telangana,Medchal−malkajgiri,2025-12,No,0.0,N/A,Low,Insufficient biometric activity for surge prediction.
Telangana,Mulugu,2025-12,No,0.0,N/A,Low,Insufficient biometric activity for surge prediction.
Telangana,Nagarkurnool,2025-12,No,0.0,N/A,Low,Insufficient biometric activity for surge prediction.
Telangana,Nalgonda,2025-12,No,0.0,N/A,Low,Insufficient biometric activity for surge prediction.
Telangana,Narayanpet,2025-12,No,0.0,N/A,Low,Insufficient biometric activity for surge prediction.
Telangana,Nirmal,2025-12,No,0.0,N/A,Low,Insufficient biometric activity for surge prediction.
Telangana,Nizamabad,2025-12,No,0.0,N/A,Low,Insufficient biometric activity for surge prediction.
Telangana,Peddapalli,2025-12,No,0.0,N/A,Low,Insufficient biometric activity for surge prediction.
Telangana,Rajanna Sircilla,2025-12,No,0.0,N/A,Low,Insufficient biometric activity for surge prediction.
Telangana,Rangareddy,2025-12,No,0.0,N/A,Low,Insufficient biometric activity for surge prediction.
Telangana,Sangareddy,2025-12,No,0.0,N/A,Low,Insufficient biometric activity for surge prediction.
Telangana,Siddipet,2025-12,No,0.0,N/A,Low,Insufficient biometric activity for surge prediction.
Telangana,Suryapet,2025-12,No,0.0,N/A,Low,Insufficient biometric activity for surge prediction.
Telangana,Vikarabad,2025-12,No,0.0,N/A,Low,Insufficient biometric activity for surge prediction.
Telangana,Wanaparthy,2025-12,No,0.0,N/A,Low,Insufficient biometric activity for surge prediction.
Telangana,Warangal,2025-12,No,0.0,N/A,Low,Insufficient biometric activity for surge prediction.
Telangana,Warangal (urban),2025-10,No,0.0,N/A,Low,Insufficient biometric activity for surge prediction.
Telangana,Warangal Rural,2025-12,No,0.0,N/A,Low,Insufficient biometric activity for surge prediction.
Telangana,Warangal Urban,2025-12,No,0.0,N/A,Low,Insufficient biometric activity for surge prediction.
Telangana,Yadadri.,2025-12,No,0.0,N/A,Low,Insufficient biometric activity for surge prediction.
Tripura,Dhalai,2025-12,No,0.0,N/A,Low,Insufficient biometric activity for surge prediction.
Tripura,Dhalai  *,2025-10,No,0.0,N/A,Low,Insufficient biometric activity for surge prediction.
Tripura,Gomati,2025-12,No,0.0,N/A,Low,Insufficient biometric activity for surge prediction.
Tripura,Khowai,2025-12,No,0.0,N/A,Low,Insufficient biometric activity for surge prediction.
Tripura,North Tripura,2025-12,No,0.0,N/A,Low,Insufficient biometric activity for surge prediction.
Tripura,Sepahijala,2025-12,No,0.0,N/A,Low,Insufficient biometric activity for surge prediction.
Tripura,South Tripura,2025-12,No,0.0,N/A,Low,Insufficient biometric activity for surge prediction.
Tripura,Unakoti,2025-12,No,0.0,N/A,Low,Insufficient biometric activity for surge prediction.
Tripura,West Tripura,2025-12,No,0.0,N/A,Low,Insufficient biometric activity for surge prediction.
Uttar Pradesh,Agra,2025-12,No,0.0,N/A,Low,Insufficient biometric activity for surge prediction.
Uttar Pradesh,Aligarh,2025-12,No,0.0,N/A,Low,Insufficient biometric activity for surge prediction.
Uttar Pradesh,Allahabad,2025-12,No,0.0,N/A,Low,Insufficient biometric activity for surge prediction.
Uttar Pradesh,Ambedkar Nagar,2025-12,No,0.0,N/A,Low,Insufficient biometric activity for surge prediction.
Uttar Pradesh,Amethi,2025-12,No,0.0,N/A,Low,Insufficient biometric activity for surge prediction.
Uttar Pradesh,Amroha,2025-12,No,0.0,N/A,Low,Insufficient biometric activity for surge prediction.
Uttar Pradesh,Auraiya,2025-12,No,0.0,N/A,Low,Insufficient biometric activity for surge prediction.
Uttar Pradesh,Ayodhya,2025-12,No,0.0,N/A,Low,Insufficient biometric activity for surge prediction.
Uttar Pradesh,Azamgarh,2025-12,No,0.0,N/A,Low,Insufficient biometric activity for surge prediction.
Uttar Pradesh,Baghpat,2025-12,No,0.0,N/A,Low,Insufficient biometric activity for surge prediction.
Uttar Pradesh,Bahraich,2025-10,No,0.0,N/A,Low,Insufficient biometric activity for surge prediction.
Uttar Pradesh,Ballia,2025-10,No,0.0,N/A,Low,Insufficient biometric activity for surge prediction.
Uttar Pradesh,Balrampur,2025-10,No,0.0,N/A,Low,Insufficient biometric activity for surge prediction.
Uttar Pradesh,Banda,2025-10,No,0.0,N/A,Low,Insufficient biometric activity for surge prediction.
Uttar Pradesh,Bara Banki,2025-10,No,0.0,N/A,Low,Insufficient biometric activity for surge prediction.
Uttar Pradesh,Barabanki,2025-10,No,0.0,N/A,Low,Insufficient biometric activity for surge prediction.
Uttar Pradesh,Bareilly,2025-10,No,0.0,N/A,Low,Insufficient biometric activity for surge prediction.
Uttar Pradesh,Basti,2025-10,No,0.0,N/A,Low,Insufficient biometric activity for surge prediction.
Uttar Pradesh,Bhadohi,2025-10,No,0.0,N/A,Low,Insufficient biometric activity for surge prediction.
Uttar Pradesh,Bijnor,2025-10,No,0.0,N/A,Low,Insufficient biometric activity for surge prediction.
Uttar Pradesh,Budaun,2025-10,No,0.0,N/A,Low,Insufficient biometric activity for surge prediction.
Uttar Pradesh,Bulandshahar,2025-10,No,0.0,N/A,Low,Insufficient biometric activity for surge prediction.
Uttar Pradesh,Bulandshahr,2025-10,No,0.0,N/A,Low,Insufficient biometric activity for surge prediction.
Uttar Pradesh,Chandauli,2025-10,No,0.0,N/A,Low,Insufficient biometric activity for surge prediction.
Uttar Pradesh,Chitrakoot,2025-10,No,0.0,N/A,Low,Insufficient biometric activity for surge prediction.
Uttar Pradesh,Deoria,2025-10,No,0.0,N/A,Low,Insufficient biometric activity for surge prediction.
Uttar Pradesh,Etah,2025-10,No,0.0,N/A,Low,Insufficient biometric activity for surge prediction.
Uttar Pradesh,Etawah,2025-10,No,0.0,N/A,Low,Insufficient biometric activity for surge prediction.
Uttar Pradesh,Faizabad,2025-10,No,0.0,N/A,Low,Insufficient biometric activity for surge prediction.
Uttar Pradesh,Farrukhabad,2025-10,No,0.0,N/A,Low,Insufficient biometric activity for surge prediction.
Uttar Pradesh,Fatehpur,2025-10,No,0.0,N/A,Low,Insufficient biometric activity for surge prediction.
Uttar Pradesh,Firozabad,2025-10,No,0.0,N/A,Low,Insufficient biometric activity for surge prediction.
Uttar Pradesh,Gautam Buddha Nagar,2025-10,No,0.0,N/A,Low,Insufficient biometric activity for surge prediction.
Uttar Pradesh,Ghaziabad,2025-10,No,0.0,N/A,Low,Insufficient biometric activity for surge prediction.
Uttar Pradesh,Ghazipur,2025-10,No,0.0,N/A,Low,Insufficient biometric activity for surge prediction.
Uttar Pradesh,Gonda,2025-10,No,0.0,N/A,Low,Insufficient biometric activity for surge prediction.
Uttar Pradesh,Gorakhpur,2025-10,No,0.0,N/A,Low,Insufficient biometric activity for surge prediction.
Uttar Pradesh,Hamirpur,2025-10,No,0.0,N/A,Low,Insufficient biometric activity for surge prediction.
Uttar Pradesh,Hapur,2025-10,No,0.0,N/A,Low,Insufficient biometric activity for surge prediction.
Uttar Pradesh,Hardoi,2025-10,No,0.0,N/A,Low,Insufficient biometric activity for surge prediction.
Uttar Pradesh,Hathras,2025-10,No,0.0,N/A,Low,Insufficient biometric activity for surge prediction.
Uttar Pradesh,Jalaun,2025-10,No,0.0,N/A,Low,Insufficient biometric activity for surge prediction.
Uttar Pradesh,Jaunpur,2025-10,No,0.0,N/A,Low,Insufficient biometric activity for surge prediction.
Uttar Pradesh,Jhansi,2025-10,No,0.0,N/A,Low,Insufficient biometric activity for surge prediction.
Uttar Pradesh,Jyotiba Phule Nagar,2025-08,No,0.0,N/A,Low,Insufficient biometric activity for surge prediction.
Uttar Pradesh,Kannauj,2025-10,No,0.0,N/A,Low,Insufficient biometric activity for surge prediction.
Uttar Pradesh,Kanpur Dehat,2025-10,No,0.0,N/A,Low,Insufficient biometric activity for surge prediction.
Uttar Pradesh,Kanpur Nagar,2025-10,No,0.0,N/A,Low,Insufficient biometric activity for surge prediction.
Uttar Pradesh,Kasganj,2025-10,No,0.0,N/A,Low,Insufficient biometric activity for surge prediction.
Uttar Pradesh,Kaushambi,2025-10,No,0.0,N/A,Low,Insufficient biometric activity for surge prediction.
Uttar Pradesh,Kheri,2025-10,No,0.0,N/A,Low,Insufficient biometric activity for surge prediction.
Uttar Pradesh,Kushinagar,2025-10,No,0.0,N/A,Low,Insufficient biometric activity for surge prediction.
Uttar Pradesh,Lalitpur,2025-10,No,0.0,N/A,Low,Insufficient biometric activity for surge prediction.
Uttar Pradesh,Lucknow,2025-10,No,0.0,N/A,Low,Insufficient biometric activity for surge prediction.
Uttar Pradesh,Maharajganj,2025-10,No,0.0,N/A,Low,Insufficient biometric activity for surge prediction.
Uttar Pradesh,Mahoba,2025-10,No,0.0,N/A,Low,Insufficient biometric activity for surge prediction.
Uttar Pradesh,Mahrajganj,2025-03,No,0.0,N/A,Low,Insufficient biometric activity for surge prediction.
Uttar Pradesh,Mainpuri,2025-08,No,0.0,N/A,Low,Insufficient biometric activity for surge prediction.
Uttar Pradesh,Mathura,2025-10,No,0.0,N/A,Low,Insufficient biometric activity for surge prediction.
Uttar Pradesh,Mau,2025-10,No,0.0,N/A,Low,Insufficient biometric activity for surge prediction.
Uttar Pradesh,Meerut,2025-10,No,0.0,N/A,Low,Insufficient biometric activity for surge prediction.
Uttar Pradesh,Mirzapur,2025-10,No,0.0,N/A,Low,Insufficient biometric activity for surge prediction.
Uttar Pradesh,Moradabad,2025-10,No,0.0,N/A,Low,Insufficient biometric activity for surge prediction.
Uttar Pradesh,Muzaffarnagar,2025-10,No,0.0,N/A,Low,Insufficient biometric activity for surge prediction.
Uttar Pradesh,Pilibhit,2025-10,No,0.0,N/A,Low,Insufficient biometric activity for surge prediction.
Uttar Pradesh,Pratapgarh,2025-10,No,0.0,N/A,Low,Insufficient biometric activity for surge prediction.
Uttar Pradesh,Prayagraj,2025-10,No,0.0,N/A,Low,Insufficient biometric activity for surge prediction.
Uttar Pradesh,Rae Bareli,2025-10,No,0.0,N/A,Low,Insufficient biometric activity for surge prediction.
Uttar Pradesh,Raebareli,2025-05,No,0.0,N/A,Low,Insufficient biometric activity for surge prediction.
Uttar Pradesh,Rampur,2025-10,No,0.0,N/A,Low,Insufficient biometric activity for surge prediction.
Uttar Pradesh,Saharanpur,2025-10,No,0.0,N/A,Low,Insufficient biometric activity for surge prediction.
Uttar Pradesh,Sambhal,2025-10,No,0.0,N/A,Low,Insufficient biometric activity for surge prediction.
Uttar Pradesh,Sant Kabir Nagar,2025-10,No,0.0,N/A,Low,Insufficient biometric activity for surge prediction.
Uttar Pradesh,Sant Ravidas Nagar,2025-10,No,0.0,N/A,Low,Insufficient biometric activity for surge prediction.
Uttar Pradesh,Sant Ravidas Nagar Bhadohi,2025-10,No,0.0,N/A,Low,Insufficient biometric activity for surge prediction.
Uttar Pradesh,Shahjahanpur,2025-10,No,0.0,N/A,Low,Insufficient biometric activity for surge prediction.
Uttar Pradesh,Shamli,2025-10,No,0.0,N/A,Low,Insufficient biometric activity for surge prediction.
Uttar Pradesh,Shrawasti,2025-10,No,0.0,N/A,Low,Insufficient biometric activity for surge prediction.
Uttar Pradesh,Siddharthnagar,2025-10,No,0.0,N/A,Low,Insufficient biometric activity for surge prediction.
Uttar Pradesh,Sitapur,2025-10,No,0.0,N/A,Low,Insufficient biometric activity for surge prediction.
Uttar Pradesh,Sonbhadra,2025-10,No,0.0,N/A,Low,Insufficient biometric activity for surge prediction.
Uttar Pradesh,Sultanpur,2025-10,No,0.0,N/A,Low,Insufficient biometric activity for surge prediction.
Uttar Pradesh,Unnao,2025-10,No,0.0,N/A,Low,Insufficient biometric activity for surge prediction.
Uttar Pradesh,Varanasi,2025-10,No,0.0,N/A,Low,Insufficient biometric activity for surge prediction.
Uttarakhand,Almora,2025-10,No,0.0,N/A,Low,Insufficient biometric activity for surge prediction.
Uttarakhand,Bageshwar,2025-10,No,0.0,N/A,Low,Insufficient biometric activity for surge prediction.
Uttarakhand,Chamoli,2025-10,No,0.0,N/A,Low,Insufficient biometric activity for surge prediction.
Uttarakhand,Champawat,2025-10,No,0.0,N/A,Low,Insufficient biometric activity for surge prediction.
Uttarakhand,Dehradun,2025-10,No,0.0,N/A,Low,Insufficient biometric activity for surge prediction.
Uttarakhand,Garhwal,2025-10,No,0.0,N/A,Low,Insufficient biometric activity for surge prediction.
Uttarakhand,Hardwar,2025-10,No,0.0,N/A,Low,Insufficient biometric activity for surge prediction.
Uttarakhand,Haridwar,2025-10,No,0.0,N/A,Low,Insufficient biometric activity for surge prediction.
Uttarakhand,Nainital,2025-10,No,0.0,N/A,Low,Insufficient biometric activity for surge prediction.
Uttarakhand,Pauri Garhwal,2025-10,No,0.0,N/A,Low,Insufficient biometric activity for surge prediction.
Uttarakhand,Pithoragarh,2025-10,No,0.0,N/A,Low,Insufficient biometric activity for surge prediction.
Uttarakhand,Rudraprayag,2025-10,No,0.0,N/A,Low,Insufficient biometric activity for surge prediction.
Uttarakhand,Tehri Garhwal,2025-10,No,0.0,N/A,Low,Insufficient biometric activity for surge prediction.
Uttarakhand,Udham Singh Nagar,2025-10,No,0.0,N/A,Low,Insufficient biometric activity for surge prediction.
Uttarakhand,Uttarkashi,2025-10,No,0.0,N/A,Low,Insufficient biometric activity for surge prediction.
West  Bengal,Hooghly,2025-05,No,0.0,N/A,Low,Insufficient biometric activity for surge prediction.
West Bangal,Hooghly,2025-03,No,0.0,N/A,Low,Insufficient biometric activity for surge prediction.
West Bengal,Alipurduar,2025-10,No,0.0,N/A,Low,Insufficient biometric activity for surge prediction.
West Bengal,Bankura,2025-10,No,0.0,N/A,Low,Insufficient biometric activity for surge prediction.
West Bengal,Barddhaman,2025-10,No,0.0,N/A,Low,Insufficient biometric activity for surge prediction.
West Bengal,Bardhaman,2025-10,No,0.0,N/A,Low,Insufficient biometric activity for surge prediction.
West Bengal,Birbhum,2025-10,No,0.0,N/A,Low,Insufficient biometric activity for surge prediction.
West Bengal,Cooch Behar,2025-10,No,0.0,N/A,Low,Insufficient biometric activity for surge prediction.
West Bengal,Dakshin Dinajpur,2025-10,No,0.0,N/A,Low,Insufficient biometric activity for surge prediction.
West Bengal,Darjeeling,2025-10,No,0.0,N/A,Low,Insufficient biometric activity for surge prediction.
West Bengal,Darjiling,2025-08,No,0.0,N/A,Low,Insufficient biometric activity for surge prediction.
West Bengal,East Midnapore,2025-10,No,0.0,N/A,Low,Insufficient biometric activity for surge prediction.
West Bengal,HOOGHLY,2025-05,No,0.0,N/A,Low,Insufficient biometric activity for surge prediction.
West Bengal,HOWRAH,2025-03,No,0.0,N/A,Low,Insufficient biometric activity for surge prediction.
West Bengal,Haora,2025-10,No,0.0,N/A,Low,Insufficient biometric activity for surge prediction.
West Bengal,Hawrah,2025-03,No,0.0,N/A,Low,Insufficient biometric activity for surge prediction.
West Bengal,Hooghiy,2025-04,No,0.0,N/A,Low,Insufficient biometric activity for surge prediction.
West Bengal,Hooghly,2025-10,No,0.0,N/A,Low,Insufficient biometric activity for surge prediction.
West Bengal,Howrah,2025-10,No,0.0,N/A,Low,Insufficient biometric activity for surge prediction.
West Bengal,Hugli,2025-10,No,0.0,N/A,Low,Insufficient biometric activity for surge prediction.
West Bengal,Jalpaiguri,2025-10,No,0.0,N/A,Low,Insufficient biometric activity for surge prediction.
West Bengal,Jhargram,2025-10,No,0.0,N/A,Low,Insufficient biometric activity for surge prediction.
West Bengal,Kalimpong,2025-10,No,0.0,N/A,Low,Insufficient biometric activity for surge prediction.
West Bengal,Koch Bihar,2025-10,No,0.0,N/A,Low,Insufficient biometric activity for surge prediction.
West Bengal,Kolkata,2025-10,No,0.0,N/A,Low,Insufficient biometric activity for surge prediction.
West Bengal,MALDA,2025-06,No,0.0,N/A,Low,Insufficient biometric activity for surge prediction.
West Bengal,Malda,2025-10,No,0.0,N/A,Low,Insufficient biometric activity for surge prediction.
West Bengal,Maldah,2025-10,No,0.0,N/A,Low,Insufficient biometric activity for surge prediction.
West Bengal,Medinipur,2025-08,No,0.0,N/A,Low,Insufficient biometric activity for surge prediction.
West Bengal,Murshidabad,2025-10,No,0.0,N/A,Low,Insufficient biometric activity for surge prediction.
West Bengal,Nadia,2025-10,No,0.0,N/A,Low,Insufficient biometric activity for surge prediction.
West Bengal,North 24 Parganas,2025-10,No,0.0,N/A,Low,Insufficient biometric activity for surge prediction.
West Bengal,North Dinajpur,2025-10,No,0.0,N/A,Low,Insufficient biometric activity for surge prediction.
West Bengal,North Twenty Four Parganas,2025-10,No,0.0,N/A,Low,Insufficient biometric activity for surge prediction.
West Bengal,Paschim Bardhaman,2025-10,No,0.0,N/A,Low,Insufficient biometric activity for surge prediction.
West Bengal,Paschim Medinipur,2025-10,No,0.0,N/A,Low,Insufficient biometric activity for surge prediction.
West Bengal,Purba Bardhaman,2025-10,No,0.0,N/A,Low,Insufficient biometric activity for surge prediction.
West Bengal,Purba Medinipur,2025-10,No,0.0,N/A,Low,Insufficient biometric activity for surge prediction.
West Bengal,Purulia,2025-10,No,0.0,N/A,Low,Insufficient biometric activity for surge prediction.
West Bengal,Puruliya,2025-10,No,0.0,N/A,Low,Insufficient biometric activity for surge prediction.
West Bengal,South  Twenty Four Parganas,2025-10,No,0.0,N/A,Low,Insufficient biometric activity for surge prediction.
West Bengal,South 24 Parganas,2025-10,No,0.0,N/A,Low,Insufficient biometric activity for surge prediction.
West Bengal,South Dinajpur,2025-10,No,0.0,N/A,Low,Insufficient biometric activity for surge prediction.
West Bengal,South Twenty Four Parganas,2025-10,No,0.0,N/A,Low,Insufficient biometric activity for surge prediction.
West Bengal,Uttar Dinajpur,2025-10,No,0.0,N/A,Low,Insufficient biometric activity for surge prediction.
West Bengal,West Midnapore,2025-10,No,0.0,N/A,Low,Insufficient biometric activity for surge prediction.
West Bengal,hooghly,2025-06,No,0.0,N/A,Low,Insufficient biometric activity for surge prediction.
West Bengli,Hooghly,2025-02,No,0.0,N/A,Low,Insufficient biometric activity for surge prediction.
West bengal,hooghly,2025-10,No,0.0,N/A,Low,Insufficient biometric activity for surge prediction.
Westbengal,Hooghly,2025-04,No,0.0,N/A,Low,Insufficient biometric activity for surge prediction.
